Company,Job,Salary,Location,Year
MOBILEMPOWER LLC,DATA SCIENCE ANALYST,160000.0,"BOSTON, MA",2016
PURECARS AUTOMOTIVE LLC,DATA SCIENCE ANALYST,44304.0,"ATLANTA, GA",2016
REALTY MOGUL CO,DATA SCIENCE ANALYST,53186.0,"LOS ANGELES, CA",2016
REALTY MOGUL CO,DATA SCIENCE ANALYST,53186.0,"LOS ANGELES, CA",2016
THE BOSTON GROUP INC,DATA SCIENCE ANALYST,59738.0,"BOSTON, MA",2016
RBUS INC,DATA SCIENCE ANALYST,61485.0,"FORT MILL, SC",2016
RBUS INC,DATA SCIENCE ANALYST,61485.0,"FORT MILL, SC",2016
THE BOSTON GROUP INC,DATA SCIENCE ANALYST,62500.0,"BOSTON, MA",2016
THE BOSTON GROUP INC,DATA SCIENCE ANALYST,62500.0,"BOSTON, MA",2016
INSURANCE SERVICES OFFICE INC,DATA SCIENCE ANALYST,65000.0,"JERSEY CITY, NJ",2016
AETNA LIFE INSURANCE COMPANY,DATA SCIENCE ANALYST,67000.0,"HARTFORD, CT",2016
MERCEDES-BENZ FINANCIAL SERVICES USA LLC,DATA SCIENCE ANALYST,75000.0,"FARMINGTON HILLS, MI",2016
LIFETOUCH NATIONAL SCHOOL STUDIOS INC,DATA SCIENCE ANALYST,78229.0,"EDEN PRAIRIE, MN",2016
BOX INC,DATA SCIENCE ANALYST,85738.0,"REDWOOD CITY, CA",2016
JUSTENOUGH SOFTWARE CORPORATION INC,DATA SCIENCE ANALYST,120000.0,"IRVINE, CA",2016
UDEMY INC,DATA SCIENCE ANALYST GROWTH,77064.0,"SAN FRANCISCO, CA",2016
INSURANCE SERVICES OFFICE INC,DATA SCIENCE ANALYST II,70500.0,"JERSEY CITY, NJ",2016
COX MEDIA GROUP LLC,DATA SCIENCE AND ANALYTICS MANAGER,105000.0,"ATLANTA, GA",2016
COX MEDIA GROUP LLC,DATA SCIENCE AND ANALYTICS MANAGER,105000.0,"ATLANTA, GA",2016
CAPITALOGIX TRADING LP,DATA SCIENCE ASSOCIATE,53331.0,"COPPELL, TX",2016
CAPITALOGIX TRADING LP,DATA SCIENCE ASSOCIATE,65000.0,"COPPELL, TX",2016
CAPITALOGIX TRADING LP,DATA SCIENCE ASSOCIATE,70000.0,"COPPELL, TX",2016
AVANT INC,DATA SCIENCE ASSOCIATE,75000.0,"CHICAGO, IL",2016
ACCENTURE LLP,DATA SCIENCE CONSULTANT,103037.0,"CHAMPAIGN, IL",2016
ACCENTURE LLP,DATA SCIENCE CONSULTANT,103037.0,"CHICAGO, IL",2016
ACCENTURE LLP,DATA SCIENCE CONSULTANT,103037.0,"BOSTON, MA",2016
ACCENTURE LLP,DATA SCIENCE CONSULTANT,103037.0,"SOMERVILLE, MA",2016
UNIVERSITY OF MICHIGAN,DATA SCIENCE CONSULTANT GEOSPATIAL,85000.0,"ANN ARBOR, MI",2016
FUSIONOPS INC,DATA SCIENCE DEVELOPER,80933.0,"MOUNTAIN VIEW, CA",2016
MISSISSIPPI DEPARTMENT OF EDUCATION,DATA SCIENCE DIRECTOR,92000.0,"JACKSON, MS",2016
FEM INC,DATA SCIENCE ENGINEER,80000.0,"GLENDALE, CA",2016
SIGMOD INC,DATA SCIENCE ENGINEER,95000.0,"PALO ALTO, CA",2016
TAPJOY INC,DATA SCIENCE ENGINEER,96866.0,"SAN FRANCISCO, CA",2016
TAPJOY INC,DATA SCIENCE ENGINEER,96866.0,"SAN FRANCISCO, CA",2016
SOJERN INC,DATA SCIENCE ENGINEER,120000.0,"SAN FRANCISCO, CA",2016
SOJERN INC,DATA SCIENCE ENGINEER,120000.0,"SAN FRANCISCO, CA",2016
ADROLL INC,DATA SCIENCE ENGINEER,130000.0,"SAN FRANCISCO, CA",2016
NETBASE SOLUTIONS INC,DATA SCIENCE ENGINEER,130000.0,"SANTA CLARA, CA",2016
MACHINE ZONE INC,DATA SCIENCE ENGINEER,131154.0,"PALO ALTO, CA",2016
AGARI DATA INC,DATA SCIENCE ENGINEER,135000.0,"SAN MATEO, CA",2016
A9COM INC,DATA SCIENCE ENGINEER,148000.0,"PALO ALTO, CA",2016
A9COM INC,DATA SCIENCE ENGINEER,155000.0,"PALO ALTO, CA",2016
A9COM INC,DATA SCIENCE ENGINEER,155000.0,"PALO ALTO, CA",2016
AMINO INC,DATA SCIENCE ENGINEER,155000.0,"SAN FRANCISCO, CA",2016
MOBILEMPOWER LLC,DATA SCIENCE INSTRUCTOR,160000.0,"BOSTON, MA",2016
CAPITALOGIX TRADING LP,DATA SCIENCE LEAD,75000.0,"COPPELL, TX",2016
MONSANTO COMPANY,DATA SCIENCE LEAD,123406.0,"CHESTERFIELD, MO",2016
AIRBNB INC,DATA SCIENCE MACHINE LEARNING,185000.0,"SAN FRANCISCO, CA",2016
PRESS GANEY ASSOCIATES INC,DATA SCIENCE MANAGER,101005.0,"WAKEFIELD, MA",2016
IBM CORPORATION,DATA SCIENCE MANAGER,115800.0,"NEW YORK, NY",2016
ACCENTURE LLP,DATA SCIENCE MANAGER,118000.0,"CHICAGO, IL",2016
ACCENTURE LLP,DATA SCIENCE MANAGER,118000.0,"CHICAGO, IL",2016
ACCENTURE LLP,DATA SCIENCE MANAGER,118000.0,"NOVI, MI",2016
ACCENTURE LLP,DATA SCIENCE MANAGER,118000.0,"CHICAGO, IL",2016
ACCENTURE LLP,DATA SCIENCE MANAGER,118000.0,"NOVI, MI",2016
ZYNGA INC,DATA SCIENCE MANAGER,130000.0,"SAN FRANCISCO, CA",2016
UBER TECHNOLOGIES INC,DATA SCIENCE MANAGER,135000.0,"SAN FRANCISCO, CA",2016
UBER TECHNOLOGIES INC,DATA SCIENCE MANAGER,135000.0,"SAN FRANCISCO, CA",2016
GNS HEALTHCARE INC,DATA SCIENCE MANAGER,165000.0,"SEATTLE, WA",2016
FACEBOOK INC,"DATA SCIENCE MANAGER, ANALYTICS",210000.0,"MENLO PARK, CA",2016
ACCENTURE LLP,DATA SCIENCE SENIOR ANALYST,103604.0,"LOS ANGELES, CA",2016
ACCENTURE LLP,DATA SCIENCE SENIOR ANALYST,103604.0,"BOSTON, MA",2016
ACCENTURE LLP,DATA SCIENCE SENIOR ANALYST,103604.0,"ARLINGTON, MA",2016
ACCENTURE LLP,DATA SCIENCE SENIOR ANALYST,103604.0,"CHICAGO, IL",2016
ACCENTURE LLP,DATA SCIENCE SENIOR ANALYST,103604.0,"CHICAGO, IL",2016
ACCENTURE LLP,DATA SCIENCE SENIOR ANALYST,103604.0,"LEXINGTON, MA",2016
ACCENTURE LLP,DATA SCIENCE SENIOR MANAGER,181500.0,"ARLINGTON HEIGHTS, IL",2016
ACCENTURE LLP,DATA SCIENCE SENIOR MANAGER,181500.0,"CHICAGO, IL",2016
AVANT INC,DATA SCIENCE SR. ANALYST,90000.0,"CHICAGO, IL",2016
MONSANTO COMPANY,DATA SCIENCE TECHNICAL LEAD,104064.0,"ST. LOUIS, MO",2016
A9COM INC,DATA SCIENCES ENGINEER,148000.0,"PALO ALTO, CA",2016
A9COM INC,DATA SCIENCES ENGINEER,148000.0,"PALO ALTO, CA",2016
A9COM INC,DATA SCIENCES ENGINEER I,150000.0,"PALO ALTO, CA",2016
PERCOLATA CORPORATION,DATA SCIENTIST,46060.0,"PALO ALTO, CA",2016
ALLAZO HEALTH CORP,DATA SCIENTIST,62000.0,"NEW YORK, NY",2016
TEKSYSTEMS INC,DATA SCIENTIST,62060.0,"DEARBORN, MI",2016
TEKSYSTEMS INC,DATA SCIENTIST,63720.0,"DEARBORN, MI",2016
CHUMMY LLC,DATA SCIENTIST,65080.0,"BURLINGAME, CA",2016
ADECCO USA INC,DATA SCIENTIST,68380.0,"CHICAGO, IL",2016
FIRST LEADS INC,DATA SCIENTIST,72100.0,"EMERYVILLE, CA",2016
BUDDYHOPP INC,DATA SCIENTIST,73460.0,"SANTA MONICA, CA",2016
BUDDYHOPP INC,DATA SCIENTIST,73460.0,"SANTA MONICA, CA",2016
A2 CONSULTING LLC,DATA SCIENTIST,90000.0,"PHILADELPHIA, PA",2016
MSX AMERICAS INC,DATA SCIENTIST,91200.0,"DEARBORN, MI",2016
MCKINSEY &amp; COMPANY INC UNITED STATES,DATA SCIENTIST,98900.0,"NEW YORK, NY",2016
STARSHR INC,DATA SCIENTIST,100000.0,"PITTSBURGH, PA",2016
POPULUS GROUP LLC,DATA SCIENTIST,120000.0,"NEW YORK, NY",2016
THE BOSTON CONSULTING GROUP INC,DATA SCIENTIST,120200.0,"BOSTON, MA",2016
DUODUO MEDIA TECHNOLOGY,DATA SCIENTIST,152000.0,"NEW YORK, NY",2016
DUODUO MEDIA TECHNOLOGY INC,DATA SCIENTIST,152000.0,"NEW YORK, NY",2016
DOMINION ENTERPRISES,DATA SCIENTIST,29973.0,"NORFOLK, VA",2016
MEDHOST SERVICES INC,DATA SCIENTIST,42245.0,"FRANKLIN, TN",2016
WAYFAIR LLC,DATA SCIENTIST,42765.0,"BOSTON, MA",2016
WAYFAIR LLC,DATA SCIENTIST,42765.0,"BOSTON, MA",2016
THE RAINMAKER GROUP HOLDINGS INC,DATA SCIENTIST,44304.0,"ALPHARETTA, GA",2016
COX AUTOMOTIVE INC,DATA SCIENTIST,44304.0,"ATLANTA, GA",2016
CHECKFREE SERVICES CORPORATION,DATA SCIENTIST,46900.0,"DUBLIN, OH",2016
GHG CORPORATION,DATA SCIENTIST,50000.0,"WEBSTER, TX",2016
GHG CORPORATION,DATA SCIENTIST,50000.0,"WEBSTER, TX",2016
GLEAN WORKS LLC,DATA SCIENTIST,50000.0,"ST. AUGUSTINE, FL",2016
LIVE OAK BANK,DATA SCIENTIST,50004.0,"WILMINGTON, NC",2016
CCC INFORMATION SERVICES INC,DATA SCIENTIST,50336.0,"CHICAGO, IL",2016
CCC INFORMATION SERVICES INC,DATA SCIENTIST,50336.0,"CHICAGO, IL",2016
ADS ALLIANCE DATA SYSTEMS INC,DATA SCIENTIST,51000.0,"ROSEMONT, IL",2016
SKILLS EQ,DATA SCIENTIST,53893.0,"NEW YORK CITY, NY",2016
DRAFTSERV TECHNOLOGIES LLC,DATA SCIENTIST,55000.0,"SUWANEE, GA",2016
AUNALYTICS INC,DATA SCIENTIST,55000.0,"SOUTH BEND, IN",2016
ORACLE AMERICA INC,DATA SCIENTIST,56072.0,"WESTMINSTER, CO",2016
MCKESSON CORPORATION,DATA SCIENTIST,57429.0,"THE WOODLANDS, TX",2016
MCKESSON CORPORATION,DATA SCIENTIST,57429.0,"THE WOODLANDS, TX",2016
TRIPADVISOR LLC,DATA SCIENTIST,59738.0,"NEEDHAM, MA",2016
TRIPADVISOR LLC,DATA SCIENTIST,59738.0,"NEEDHAM, MA",2016
CARDINALCOMMERCE,DATA SCIENTIST,60000.0,"MENTOR, OH",2016
CARDINALCOMMERCE CORPORATION,DATA SCIENTIST,60000.0,"MENTOR, OH",2016
COGITATIVO INC,DATA SCIENTIST,60029.0,"BERKELEY, CA",2016
HASH FINANCE LLC,DATA SCIENTIST,60486.0,"LAGUNA BEACH, CA",2016
ATP USA INC,DATA SCIENTIST,60486.0,"MISSION VIEJO, CA",2016
ATP USA INC,DATA SCIENTIST,60486.0,"MISSION VIEJO, CA",2016
SEMRUSH INC,DATA SCIENTIST,60986.0,"TREVOSE, PA",2016
HUMANA INC,DATA SCIENTIST,61131.0,"LOUISVILLE, KY",2016
TE CONNECTIVITY CORPORATION,DATA SCIENTIST,63000.0,"BERWYN, PA",2016
SERVICENOW INC,DATA SCIENTIST,63045.0,"KIRKLAND, WA",2016
TARGETED VICTORY LLC,DATA SCIENTIST,63814.0,"ALEXANDRIA, VA",2016
REVEAL MOBILE INC,DATA SCIENTIST,64189.0,"RALEIGH, NC",2016
LOGICNOW INC,DATA SCIENTIST,64596.0,"CAMBRIDGE, MA",2016
IBM INDIA PRIVATE LIMITED,DATA SCIENTIST,64641.0,"SAINT PETERSBURG, FL",2016
IBM INDIA PRIVATE LIMITED,DATA SCIENTIST,64641.0,"SAINT PETERSBURG, FL",2016
HUMANA INSURANCE COMPANY,DATA SCIENTIST,64750.0,"FREDERICK, MD",2016
DRIVEN ANALYTICS INC,DATA SCIENTIST,65000.0,"EDMOND, OK",2016
INAUTH INC,DATA SCIENTIST,65000.0,"BOSTON, MA",2016
VIRTUE GROUP LLC,DATA SCIENTIST,65500.0,"ALPHARETTA, GA",2016
ORACLE AMERICA INC,DATA SCIENTIST,66144.0,"WESTMINSTER, CO",2016
ORACLE AMERICA INC,DATA SCIENTIST,66144.0,"BROOMFIELD, CO",2016
SERVICENOW INC,DATA SCIENTIST,66622.0,"KIRKLAND, WA",2016
PRICELINECOM LLC,DATA SCIENTIST,66685.0,"NEW YORK, NY",2016
CCC INFORMATION SERVICES INC,DATA SCIENTIST,66934.0,"CHICAGO, IL",2016
LHP SOFTWARE LLC,DATA SCIENTIST,67000.0,"COLUMBUS, IN",2016
DEVICE IDEAS LLC,DATA SCIENTIST,67200.0,"BROOKLYN, NY",2016
XACTWARE SOLUTIONS INC,DATA SCIENTIST,67500.0,"LEHI, UT",2016
GENSCAPE INC,DATA SCIENTIST,67683.0,"SAN FRANCISCO, CA",2016
RENTRAK CORPORATION,DATA SCIENTIST,68400.0,"PORTLAND, OR",2016
INSTITUTE FOR MEDICAL RESEARCH INC,DATA SCIENTIST,68775.0,"DURHAM, NC",2016
LGBS SOFTWARE INC,DATA SCIENTIST,69000.0,"MAHWAH, NJ",2016
SNAPCHAT INC,DATA SCIENTIST,69410.0,"VENICE, CA",2016
IBM CORPORATION,DATA SCIENTIST,69529.0,"CHICAGO, IL",2016
VANTIV LLC,DATA SCIENTIST,69550.0,"SYMMES TOWNSHIP, OH",2016
VANTIV LLC,DATA SCIENTIST,69550.0,"SYMMES TOWNSHIP, OH",2016
VANTIV LLC,DATA SCIENTIST,69550.0,"SYMMES TOWNSHIP, OH",2016
VANTIV LLC,DATA SCIENTIST,69550.0,"SYMMES TOWNSHIP, OH",2016
ORBITZ WORLDWIDE LLC,DATA SCIENTIST,69763.0,"CHICAGO, IL",2016
EXPEDIA INC,DATA SCIENTIST,69763.0,"CHICAGO, IL",2016
THE NIELSEN COMPANY (US) LLC,DATA SCIENTIST,70000.0,"OLDSMAR, FL",2016
BASTILLE NETWORKS INC,DATA SCIENTIST,70000.0,"ATLANTA, GA",2016
FLO LLC,DATA SCIENTIST,70000.0,"NEW YORK, NY",2016
ICUBE CONSULTANCY SERVICES INC,DATA SCIENTIST,70000.0,"JACKSONVILLE, FL",2016
RANG TECHNOLOGIES INC,DATA SCIENTIST,70000.0,"BENTONVILLE, AR",2016
ICUBE CONSULTANCY SERVICES INC,DATA SCIENTIST,70000.0,"JACKSONVILLE, FL",2016
ICUBE CONSULTANCY SERVICES INC,DATA SCIENTIST,70000.0,"JACKSONVILLE, FL",2016
ICUBE CONSULTANCY SERVICES INC,DATA SCIENTIST,70000.0,"JACKSONVILLE, FL",2016
FRONT DESK INC,DATA SCIENTIST,70000.0,"SEATTLE, WA",2016
KOGENTIX INC,DATA SCIENTIST,70000.0,"SCHAUMBURG, IL",2016
KOGENTIX INC,DATA SCIENTIST,70000.0,"SCHAUMBURG, IL",2016
SUPSTAT INC,DATA SCIENTIST,70000.0,"NEW YORK, NY",2016
SUPSTAT INC,DATA SCIENTIST,70000.0,"NEW YORK, NY",2016
INTELLIPRO GROUP INC,DATA SCIENTIST,70000.0,"MOUNTAIN VIEW, CA",2016
ZESTFINANCE INC,DATA SCIENTIST,70000.0,"LOS ANGELES, CA",2016
JPMORGAN CHASE &amp; CO,DATA SCIENTIST,70000.0,"BROOKLYN, NY",2016
THE NIELSEN COMPANY (US) LLC,DATA SCIENTIST,70000.0,"OLDSMAR, FL",2016
HEARST BUSINESS MEDIA CORPORATION,DATA SCIENTIST,70000.0,"LAWRENCEVILLE, GA",2016
BIG WHITE WALL HOLDINGS INC,DATA SCIENTIST,70000.0,"NEW YORK, NY",2016
FEEDZAI INC,DATA SCIENTIST,70000.0,"NEW YORK, NY",2016
FEEDZAI INC,DATA SCIENTIST,70000.0,"NEW YORK, NY",2016
SPARKCOGNITION INC,DATA SCIENTIST,70000.0,"AUSTIN, TX",2016
RENTRAK CORPORATION,DATA SCIENTIST,70000.0,"NEW YORK, NY",2016
SPARKCOGNITION INC,DATA SCIENTIST,70000.0,"AUSTIN, TX",2016
TAVANT TECHNOLOGIES INC,DATA SCIENTIST,70000.0,"INDIANAPOLIS, IN",2016
NTE MOBILITY PARTNERS LLC,DATA SCIENTIST,70000.0,"NORTH RICHLAND HILLS, TX",2016
RESULTS GENERATION GROUP LLC,DATA SCIENTIST,70000.0,"AUSTIN, TX",2016
THE NIELSEN COMPANY (US) LLC,DATA SCIENTIST,70000.0,"OLDSMAR, FL",2016
THE NIELSEN COMPANY (US) LLC,DATA SCIENTIST,70000.0,"OLDSMAR, FL",2016
RANG TECHNOLOGIES INC,DATA SCIENTIST,70000.0,"PISCATAWAY, NJ",2016
RANG TECHNOLOGIES INC,DATA SCIENTIST,70000.0,"NORWOOD, MA",2016
DATAXU INC,DATA SCIENTIST,70304.0,"BOSTON, MA",2016
TRAVELPORT LP,DATA SCIENTIST,70886.0,"ATLANTA, GA",2016
GLOBAL TOUCHPOINTS INC DUNS# 13-8058305,DATA SCIENTIST,72000.0,"DORAL, FL",2016
RANG TECHNOLOGIES INC,DATA SCIENTIST,72000.0,"PISCATAWAY, NJ",2016
THE NIELSEN COMPANY (US) LLC,DATA SCIENTIST,72300.0,"NEW YORK, NY",2016
NORC,DATA SCIENTIST,72685.0,"CHICAGO, IL",2016
AUTOALERT INC,DATA SCIENTIST,73000.0,"KANSAS CITY, MO",2016
GP STRATEGIES CORPORATION,DATA SCIENTIST,73000.0,"COLUMBIA, MD",2016
CYIENT INC,DATA SCIENTIST,73486.0,"EVERETT, WA",2016
AOL ADVERTISING INC,DATA SCIENTIST,73715.0,"BOSTON, MA",2016
TEKWISSEN LLC,DATA SCIENTIST,73965.0,"IRVING, TX",2016
EMPLOYERS MUTUAL CASUALTY COMPANY,DATA SCIENTIST,74000.0,"DES MOINES, IA",2016
SUPSTAT INC,DATA SCIENTIST,74838.0,"NEW YORK, NY",2016
SUPSTAT INC,DATA SCIENTIST,74838.0,"NEW YORK, NY",2016
360I LLC,DATA SCIENTIST,74900.0,"NEW YORK, NY",2016
360I LLC,DATA SCIENTIST,74900.0,"ATLANTA, GA",2016
KOGENTIX INC,DATA SCIENTIST,75000.0,"SCHAUMBURG, IL",2016
FLORIDA INTERNATIONAL UNIVERSITY,DATA SCIENTIST,75000.0,"MIAMI, FL",2016
ICUBE CONSULTANCY SERVICES INC,DATA SCIENTIST,75000.0,"JACKSONVILLE, FL",2016
ICUBE CONSULTANCY SERVICES INC,DATA SCIENTIST,75000.0,"JACKSONVILLE, FL",2016
TREXQUANT MANAGEMENT LLC,DATA SCIENTIST,75000.0,"STAMFORD, CT",2016
FIRST LEADS INC,DATA SCIENTIST,75000.0,"DURHAM, NC",2016
UPTAKE TECHNOLOGIES INC,DATA SCIENTIST,75000.0,"CHICAGO, IL",2016
LIFTPOINT CONSULTING INC,DATA SCIENTIST,75000.0,"EDEN PRAIRIE, MN",2016
MILLENNIUM SOFTWARE INC,DATA SCIENTIST,75000.0,"ALLEN PARK, MI",2016
LIFTPOINT CONSULTING INC,DATA SCIENTIST,75000.0,"EDEN PRAIRIE, MN",2016
FUZZY LOGIX LLC,DATA SCIENTIST,75000.0,"CHARLOTTE, NC",2016
FUZZY LOGIX LLC,DATA SCIENTIST,75000.0,"CHARLOTTE, NC",2016
FUZZY LOGIX LLC,DATA SCIENTIST,75000.0,"CHARLOTTE, NC",2016
FUZZY LOGIX LLC,DATA SCIENTIST,75000.0,"CHARLOTTE, NC",2016
FUZZY LOGIX LLC,DATA SCIENTIST,75000.0,"CHARLOTTE, NC",2016
FUZZY LOGIX LLC,DATA SCIENTIST,75000.0,"CHARLOTTE, NC",2016
FUZZY LOGIX INC,DATA SCIENTIST,75000.0,"CHARLOTTE, NC",2016
REPUBLICAN NATIONAL COMMITTEE,DATA SCIENTIST,75000.0,"WASHINGTON, DC",2016
SMARTUQ LLC,DATA SCIENTIST,75000.0,"MADISON, WI",2016
OWNERIQ INC,DATA SCIENTIST,75000.0,"BOSTON, MA",2016
OPTIMA TAX RELIEF LLC,DATA SCIENTIST,75000.0,"SANTA ANA, CA",2016
CIGNIFI INC,DATA SCIENTIST,75000.0,"CAMBRIDGE, MA",2016
CIGNIFI INC,DATA SCIENTIST,75000.0,"CAMBRIDGE, MA",2016
HOWARD HUGHES MEDICAL INSTITUTE,DATA SCIENTIST,75000.0,"ASHBURN, VA",2016
FEEDZAI INC,DATA SCIENTIST,75000.0,"NEW YORK, NY",2016
SCL USA INC,DATA SCIENTIST,76000.0,"ALEXANDRIA, VA",2016
TECHMILEAGE LLC,DATA SCIENTIST,76000.0,"TEMPE, AZ",2016
RANG TECHNOLOGIES INC,DATA SCIENTIST,76000.0,"HOUSTON, TX",2016
KVRA TECH INC,DATA SCIENTIST,76000.0,"PRINCETON, NJ",2016
ROBERT HALF INTERNATIONAL INC,DATA SCIENTIST,76918.0,"SAN RAMON, CA",2016
THE NIELSEN COMPANY (US) LLC,DATA SCIENTIST,77000.0,"SAN RAMON, CA",2016
THE NIELSEN COMPANY (US) LLC,DATA SCIENTIST,77000.0,"SAN FRANCISCO, CA",2016
SPECTRA INFO SYSTEMS INC,DATA SCIENTIST,77000.0,"MCLEAN, VA",2016
L2 INC,DATA SCIENTIST,77500.0,"NEW YORK, NY",2016
GP STRATEGIES CORPORATION,DATA SCIENTIST,77667.0,"COLUMBIA, MD",2016
ECLINICALWORKS LLC,DATA SCIENTIST,78000.0,"WESTBOROUGH, MA",2016
SCHLUMBERGER TECHNOLOGY CORPORATION,DATA SCIENTIST,78000.0,"HOUSTON, TX",2016
NOVEDEA SYSTEMS INC,DATA SCIENTIST,78312.0,"RICHARDSON, TX",2016
NOVEDEA SYSTEMS INC,DATA SCIENTIST,78312.0,"PLANO, TX",2016
ADP TECHNOLOGY SERVICES INC,DATA SCIENTIST,78811.0,"ROSELAND, NJ",2016
MARKET6 INC,DATA SCIENTIST,79227.0,"DEERFIELD, IL",2016
CLOUDWICK TECHNOLOGIES INC,DATA SCIENTIST,79498.0,"NEWARK, CA",2016
CLOUDWICK TECHNOLOGIES INC,DATA SCIENTIST,79498.0,"NEWARK, CA",2016
CLOUDWICK TECHNOLOGIES INC,DATA SCIENTIST,79498.0,"NEWARK, CA",2016
SELLING SOURCE LLC,DATA SCIENTIST,79999.0,"LAS VEGAS, NV",2016
SELLING SOURCE LLC,DATA SCIENTIST,79999.0,"LAS VEGAS, NV",2016
PARTNERWEEKLY LLC,DATA SCIENTIST,79999.0,"LAS VEGAS, NV",2016
ALARMCOM INCORPORATED,DATA SCIENTIST,80000.0,"LAWRENCE, KS",2016
MICROWAVE TELEMETRY INC,DATA SCIENTIST,80000.0,"COLUMBIA, MD",2016
UNIVERSITY OF VIRGINIA,DATA SCIENTIST,80000.0,"CHARLOTTESVILLE, VA",2016
IKNOWTION LLC,DATA SCIENTIST,80000.0,"BURLINGTON, MA",2016
INFOGIX INC,DATA SCIENTIST,80000.0,"NAPERVILLE, IL",2016
CORECOMPETE LLC,DATA SCIENTIST,80000.0,"DURHAM, NC",2016
KOGENTIX INC,DATA SCIENTIST,80000.0,"SCHAUMBURG, IL",2016
KOGENTIX INC,DATA SCIENTIST,80000.0,"SCHAUMBURG, IL",2016
TEKWISSEN LLC,DATA SCIENTIST,80000.0,"IRVING, TX",2016
INMOMENT INC,DATA SCIENTIST,80000.0,"SALT LAKE CITY, UT",2016
RANG TECHNOLOGIES INC,DATA SCIENTIST,80000.0,"HOUSTON, TX",2016
ARISTOCRAT TECHNOLOGIES INC,DATA SCIENTIST,80000.0,"SAN FRANCISCO, CA",2016
SIMPLEREACH INC,DATA SCIENTIST,80000.0,"NEW YORK, NY",2016
HARTFORD FIRE INSURANCE COMPANY,DATA SCIENTIST,80000.0,"HARTFORD, CT",2016
CELECT INC,DATA SCIENTIST,80000.0,"BOSTON, MA",2016
ONE MILLION METRICS CORPORATION,DATA SCIENTIST,80000.0,"NEW YORK, NY",2016
NARRATIVE SCIENCE INC,DATA SCIENTIST,80000.0,"CHICAGO, IL",2016
THE NIELSEN COMPANY (US) LLC,DATA SCIENTIST,80000.0,"NEW YORK, NY",2016
PIONEER HI-BRED INTERNATIONAL INC,DATA SCIENTIST,80000.0,"JOHNSTON, IA",2016
CONNANCE INC,DATA SCIENTIST,80000.0,"WALTHAM, MA",2016
NATIVO INC,DATA SCIENTIST,80000.0,"EL SEGUNDO, CA",2016
IKNOWTION LLC,DATA SCIENTIST,80000.0,"BURLINGTON, MA",2016
NCH MANAGEMENT SYSTEMS INC,DATA SCIENTIST,80000.0,"WELLESLEY, MA",2016
KPMG LLP,DATA SCIENTIST,80000.0,"CHICAGO, IL",2016
ADTHEORENT INC,DATA SCIENTIST,80000.0,"NEW YORK, NY",2016
CARD CORPORATION,DATA SCIENTIST,80000.0,"LOS ANGELES, CA",2016
MICROWAVE TELEMETRY INC,DATA SCIENTIST,80000.0,"COLUMBIA, MD",2016
HARMAN CONNECTED SERVICES INC,DATA SCIENTIST,80995.0,"SAN RAMON, CA",2016
BLUESTEM BRANDS INC,DATA SCIENTIST,81000.0,"EL SEGUNDO, CA",2016
VANTIV ECOMMERCE LLC,DATA SCIENTIST,81078.0,"LOWELL, MA",2016
PITNEY BOWES SOFTWARE INC,DATA SCIENTIST,81099.0,"DANBURY, CT",2016
PACTERA TECHNOLOGIES INC,DATA SCIENTIST,81120.0,"REDMOND, WA",2016
INTEL CORPORATION,DATA SCIENTIST,81385.0,"HILLSBORO, OR",2016
HARMAN CONNECTED SERVICES INC,DATA SCIENTIST,81515.0,"PLANO, TX",2016
ENVISION ENERGY USA LTD,DATA SCIENTIST,81848.0,"HOUSTON, TX",2016
IBM CORPORATION,DATA SCIENTIST,81900.0,"DURHAM, NC",2016
HARMAN CONNECTED SERVICES INC,DATA SCIENTIST,82000.0,"PLANO, TX",2016
HUMANA INC,DATA SCIENTIST,82349.0,"LOUISVILLE, KY",2016
PANORAMA EDUCATION INC,DATA SCIENTIST,82500.0,"BOSTON, MA",2016
HOMEAWAY INC,DATA SCIENTIST,82574.0,"AUSTIN, TX",2016
HOMEAWAY INC,DATA SCIENTIST,82574.0,"AUSTIN, TX",2016
WINDLOGICS INC,DATA SCIENTIST,83000.0,"JUPITER, FL",2016
WINDLOGICS INC,DATA SCIENTIST,83000.0,"JUPITER, FL",2016
SIEMENS PLM SOFTWARE INC,DATA SCIENTIST,83500.0,"CHARLOTTE, NC",2016
RANG TECHNOLOGIES INC,DATA SCIENTIST,84000.0,"PISCATAWAY, NJ",2016
4C INSIGHTS INC,DATA SCIENTIST,84448.0,"CHICAGO, IL",2016
INDEED INC,DATA SCIENTIST,84739.0,"SEATTLE, WA",2016
BOOMERANG COMMERCE INC,DATA SCIENTIST,85000.0,"MOUNTAIN VIEW, CA",2016
CENSIO INC,DATA SCIENTIST,85000.0,"ALLSTON, MA",2016
SIGMAWAYS INC,DATA SCIENTIST,85000.0,"FREMONT, CA",2016
THE METHODIST HOSPITAL,DATA SCIENTIST,85000.0,"HOUSTON, TX",2016
INVENTURE CAPITAL CORPORATION,DATA SCIENTIST,85000.0,"SANTA MONICA, CA",2016
M2 RESOURCES INC,DATA SCIENTIST,85000.0,"NEW YORK, NY",2016
GRA INCORPORATED,DATA SCIENTIST,85000.0,"WASHINGTON, DC",2016
BRILLIO LLC,DATA SCIENTIST,85000.0,"REDMOND, WA",2016
R4 TECHNOLOGIES LLC,DATA SCIENTIST,85000.0,"RIDGEFIELD, CT",2016
CENTRAL PACIFIC BANK,DATA SCIENTIST,85000.0,"HONOLULU, HI",2016
ENDURANCE INTERNATIONAL GROUP INC,DATA SCIENTIST,85000.0,"BURLINGTON, MA",2016
THE HANOVER INSURANCE COMPANY,DATA SCIENTIST,85000.0,"WORCESTER, MA",2016
THE HANOVER INSURANCE COMPANY,DATA SCIENTIST,85000.0,"WORCESTER, MA",2016
FIRST ORION CORP,DATA SCIENTIST,85000.0,"LITTLE ROCK, AR",2016
ENTRIGNA INC,DATA SCIENTIST,85000.0,"SCHAUMBURG, IL",2016
BERG LLC,DATA SCIENTIST,85000.0,"FRAMINGHAM, MA",2016
BERG LLC,DATA SCIENTIST,85000.0,"NASHVILLE, TN",2016
BERG LLC,DATA SCIENTIST,85000.0,"NASHVILLE, TN",2016
BERG LLC,DATA SCIENTIST,85000.0,"FRAMINGHAM, MA",2016
BERG LLC,DATA SCIENTIST,85000.0,"NASHVILLE, TN",2016
SAASSI LLC,DATA SCIENTIST,85020.0,"SAN DIEGO, CA",2016
PIONEER HI-BRED INTERNATIONAL INC,DATA SCIENTIST,85035.0,"JOHNSTON, IA",2016
DST TECHNOLOGIES INC,DATA SCIENTIST,85280.0,"KANSAS CITY, MO",2016
CAPITAL ONE SERVICES LLC,DATA SCIENTIST,85500.0,"MCLEAN, VA",2016
360I LLC,DATA SCIENTIST,85600.0,"ATLANTA, GA",2016
DATA SCIENCE INC,DATA SCIENTIST,85613.0,"CULVER CITY, CA",2016
CALIFORNIA INSTITUTE OF TECHNOLOGY/JET PROPULSION LABORATORY,DATA SCIENTIST,85696.0,"PASADENA, CA",2016
RED BEACON INC,DATA SCIENTIST,85862.0,"FOSTER CITY, CA",2016
UBER TECHNOLOGIES INC,DATA SCIENTIST,85862.0,"SAN FRANCISCO, CA",2016
STITCH FIX INC,DATA SCIENTIST,85862.0,"SAN FRANCISCO, CA",2016
INTEL CORPORATION,DATA SCIENTIST,85869.0,"HILLSBORO, OR",2016
RANG TECHNOLOGIES INC,DATA SCIENTIST,86000.0,"REDMOND, WA",2016
RANG TECHNOLOGIES INC,DATA SCIENTIST,86000.0,"WEEHAWKEN, NJ",2016
RANG TECHNOLOGIES INC,DATA SCIENTIST,86000.0,"WEEHAWKEN, NJ",2016
RANG TECHNOLOGIES INC,DATA SCIENTIST,86000.0,"WEEHAWKEN, NJ",2016
COMPREHENSIVE HEALTH MANAGEMENT INC,DATA SCIENTIST,86100.0,"TAMPA, FL",2016
STARBUCKS COFFEE COMPANY,DATA SCIENTIST,86500.0,"SEATTLE, WA",2016
ONESTOP INTERNET INC,DATA SCIENTIST,86500.0,"EL SEGUNDO, CA",2016
HOME DEPOT USA INC,DATA SCIENTIST,87000.0,"ATLANTA, GA",2016
FORD MOTOR COMPANY,DATA SCIENTIST,87000.0,"DEARBORN, MI",2016
HARTFORD FIRE INSURANCE COMPANY,DATA SCIENTIST,87100.0,"HARTFORD, CT",2016
THE RESEARCH INSTITUTE AT NATIONWIDE CHILDREN&#39;S HOSPITAL,DATA SCIENTIST,87402.0,"COLUMBUS, OH",2016
COX AUTOMOTIVE CORPORATE SERVICES INC,DATA SCIENTIST,87413.0,"ATLANTA, GA",2016
EXTRA SPACE MANAGEMENT INC,DATA SCIENTIST,87500.0,"SALT LAKE CITY, UT",2016
CYMER LLC,DATA SCIENTIST,87807.0,"SAN DIEGO, CA",2016
MED DATA QUEST INC,DATA SCIENTIST,88000.0,"LA JOLLA, CA",2016
CUMMINS INC,DATA SCIENTIST,88000.0,"COLUMBUS, IN",2016
THE NIELSEN COMPANY (US) LLC,DATA SCIENTIST,88000.0,"NEW YORK, NY",2016
CUMMINS INC,DATA SCIENTIST,88000.0,"COLUMBUS, IN",2016
INTEL CORPORATION,DATA SCIENTIST,88234.0,"HILLSBORO, OR",2016
PRICELINECOM LLC,DATA SCIENTIST,88421.0,"NORWALK, CT",2016
SCHLUMBERGER TECHNOLOGY CORPORATION,DATA SCIENTIST,88426.0,"HOUSTON, TX",2016
TECHSOURCE INC,DATA SCIENTIST,88629.0,"EL SEGUNDO, CA",2016
SKYTREE INC,DATA SCIENTIST,89024.0,"SAN JOSE, CA",2016
SKYTREE INC,DATA SCIENTIST,89024.0,"SAN JOSE, CA",2016
QUOTIENT TECHNOLOGY INC,DATA SCIENTIST,89440.0,"MOUNTAIN VIEW, CA",2016
DANAHER LABS,DATA SCIENTIST,89440.0,"SANTA CLARA, CA",2016
DANAHER LABS,DATA SCIENTIST,89440.0,"SANTA CLARA, CA",2016
AOL ADVERTISING INC,DATA SCIENTIST,89440.0,"PALO ALTO, CA",2016
QUOTIENT TECHNOLOGY INC,DATA SCIENTIST,89440.0,"MOUNTAIN VIEW, CA",2016
QUOTIENT TECHNOLOGY INC,DATA SCIENTIST,89440.0,"MOUNTAIN VIEW, CA",2016
NITRIO INC,DATA SCIENTIST,89440.0,"PALO ALTO, CA",2016
HEALTHCARE BUSINESS INTELLIGENCE SOLUTIONS INC,DATA SCIENTIST,89440.0,"PALO ALTO, CA",2016
IT WORKS INC,DATA SCIENTIST,90000.0,"WASHINGTON, DC, DC",2016
GEISINGER SYSTEM SERVICES,DATA SCIENTIST,90000.0,"DANVILLE, PA",2016
PANTON INCORPORATED,DATA SCIENTIST,90000.0,"HOUSTON, TX",2016
ISOFTSTONE INC,DATA SCIENTIST,90000.0,"KIRKLAND, WA",2016
CENSIO INC,DATA SCIENTIST,90000.0,"ALLSTON, MA",2016
SUMTOTAL SYSTEMS LLC,DATA SCIENTIST,90000.0,"GAINESVILLE, FL",2016
REELIO LABS LLC,DATA SCIENTIST,90000.0,"NEW YORK, NY",2016
PIEZOS TECHNOLOGY INC,DATA SCIENTIST,90000.0,"AUBURN HILLS, MI",2016
XAI INC,DATA SCIENTIST,90000.0,"NEW YORK, NY",2016
INTERTECH SYSTEMS LLC,DATA SCIENTIST,90000.0,"MINNEAPOLIS, MN",2016
HOOKLOGIC INC,DATA SCIENTIST,90000.0,"NEW YORK, NY",2016
UNIVISION INTERACTIVE MEDIA INC,DATA SCIENTIST,90000.0,"SUNNYVALE, CA",2016
STANLEY BLACK &amp; DECKER INC,DATA SCIENTIST,90000.0,"ATLANTA, GA",2016
UBER TECHNOLOGIES INC,DATA SCIENTIST,90000.0,"SAN  FRANCISCO, CA",2016
IGNITIONONE INC,DATA SCIENTIST,90000.0,"NEW YORK, NY",2016
BLUECORE INC,DATA SCIENTIST,90000.0,"NEW YORK, NY",2016
UBER TECHNOLOGIES INC,DATA SCIENTIST,90000.0,"SAN FRANCISCO, CA",2016
OWNERIQ INC,DATA SCIENTIST,90000.0,"BOSTON, MA",2016
THE BOSTON CONSULTING GROUP INC,DATA SCIENTIST,90000.0,"LOS ANGELES, CA",2016
ACCIDENT FUND INSURANCE COMPANY OF AMERICA,DATA SCIENTIST,90000.0,"LANSING, MI",2016
HCA MANAGEMENT SERVICES LP,DATA SCIENTIST,90000.0,"NASHVILLE, TN",2016
PROOFPOINT INC,DATA SCIENTIST,90000.0,"INDIANAPOLIS, IN",2016
TRUVERIS INC,DATA SCIENTIST,90000.0,"NEW YORK, NY",2016
ACCIDENT FUND INSURANCE COMPANY OF AMERICA,DATA SCIENTIST,90000.0,"LANSING, MI",2016
OPTIMAL BLUE LLC,DATA SCIENTIST,90000.0,"PLANO, TX",2016
ALIVIA CAPITAL LLC,DATA SCIENTIST,90000.0,"WOBURN, MA",2016
TRUECAR INC,DATA SCIENTIST,90000.0,"SANTA MONICA, CA",2016
NATIVO INC,DATA SCIENTIST,90000.0,"EL SEGUNDO, CA",2016
ADCOLONY INC,DATA SCIENTIST,90000.0,"KIRKLAND, WA",2016
LAND O&#39;LAKES INC,DATA SCIENTIST,90000.0,"GRAY SUMMIT, MO",2016
TRUVERIS INC,DATA SCIENTIST,90000.0,"NEW YORK, NY",2016
MONEYNET INCORPORATED,DATA SCIENTIST,90000.0,"NEW YORK, NY",2016
AUDIENCE MEDIA LLC,DATA SCIENTIST,90293.0,"PASADENA, CA",2016
AUDIENCE MEDIA LLC,DATA SCIENTIST,90293.0,"PASADENA, CA",2016
LIVE NATION WORLDWIDE INC,DATA SCIENTIST,90293.0,"HOLLYWOOD, CA",2016
TESLA MOTORS INC,DATA SCIENTIST,90293.0,"FREMONT, CA",2016
CLOUDWICK TECHNOLOGIES INC,DATA SCIENTIST,90293.0,"NEWARK, CA",2016
PRICELINECOM LLC,DATA SCIENTIST,90522.0,"NORWALK, CT",2016
LIFTPOINT CONSULTING INC,DATA SCIENTIST,91000.0,"EDEN PRAIRIE, MN",2016
LOTAME SOLUTIONS INC,DATA SCIENTIST,91062.0,"COLUMBIA, MD",2016
WILLIAMS-SONOMA INC,DATA SCIENTIST,91166.0,"SAN FRANCISCO, CA",2016
UBER TECHNOLOGIES INC,DATA SCIENTIST,91166.0,"SAN FRANCISCO, CA",2016
PATREON INC,DATA SCIENTIST,91166.0,"SAN FRANCISCO, CA",2016
CYENCE INC,DATA SCIENTIST,91166.0,"SAN MATEO, CA",2016
UBER TECHNOLOGIES INC,DATA SCIENTIST,91166.0,"SAN FRANCISCO, CA",2016
FACEBOOK INC,DATA SCIENTIST,91500.0,"MENLO PARK, CA",2016
IBM CORPORATION,DATA SCIENTIST,91646.0,"YORKTOWN HEIGHTS, NY",2016
IBM CORPORATION,DATA SCIENTIST,91646.0,"YORKTOWN HEIGHTS, NY",2016
TESLA MOTORS INC,DATA SCIENTIST,92000.0,"FREMONT, CA",2016
DEJA MI INC,DATA SCIENTIST,92000.0,"RALEIGH, NC",2016
MONEYLION INC,DATA SCIENTIST,92000.0,"SAN FRANCISCO, CA",2016
RGA ENTERPRISE SERVICES COMPANY,DATA SCIENTIST,92000.0,"CHESTERFIELD, MO",2016
QUOTIENT TECHNOLOGY INC,DATA SCIENTIST,92290.0,"MOUNTAIN VIEW, CA",2016
ADCOLONY INC,DATA SCIENTIST,92500.0,"KIRKLAND, WA",2016
PROFITECT INC,DATA SCIENTIST,92500.0,"WALTHAM, MA",2016
CA INC,DATA SCIENTIST,92700.0,"SAN DIEGO, CA",2016
SCHLUMBERGER TECHNOLOGY CORPORATION,DATA SCIENTIST,93000.0,"HOUSTON, TX",2016
PENDOIO INC,DATA SCIENTIST,93000.0,"RALEIGH, NC",2016
NOVARTIS INSTITUTE FOR FUNCTIONAL GENOMICS INC,DATA SCIENTIST,93000.0,"SAN DIEGO, CA",2016
MONSTER WORLDWIDE INC,DATA SCIENTIST,93517.0,"WESTON, MA",2016
CINTELL LLC,DATA SCIENTIST,93517.0,"WOBURN, MA",2016
TRIPADVISOR LLC,DATA SCIENTIST,93662.0,"NEEDHAM, MA",2016
TRIPADVISOR LLC,DATA SCIENTIST,93662.0,"NEEDHAM, MA",2016
TRIPADVISOR LLC,DATA SCIENTIST,93662.0,"NEEDHAM, MA",2016
KINGCOM INC,DATA SCIENTIST,94000.0,"SAN FRANCISCO, CA",2016
E I DU PONT DE NEMOURS AND COMPANY,DATA SCIENTIST,94000.0,"JOHNSTON, IA",2016
INTEL CORPORATION,DATA SCIENTIST,94328.0,"FOLSOM, CA",2016
PULSEPOINT INC,DATA SCIENTIST,95000.0,"NEW YORK, NY",2016
ID ANALYTICS LLC,DATA SCIENTIST,95000.0,"SAN DIEGO, CA",2016
M2CATALYST LLC,DATA SCIENTIST,95000.0,"ALISO VIEJO, CA",2016
BITLY INC,DATA SCIENTIST,95000.0,"NEW YORK, NY",2016
UBER TECHNOLOGIES INC,DATA SCIENTIST,95000.0,"NEW YORK, NY",2016
UBER TECHNOLOGIES INC,DATA SCIENTIST,95000.0,"NEW YORK, NY",2016
UBER TECHNOLOGIES INC,DATA SCIENTIST,95000.0,"SAN FRANCISCO, CA",2016
CUSTORA INC,DATA SCIENTIST,95000.0,"NEW YORK, NY",2016
UBER TECHNOLOGIES INC,DATA SCIENTIST,95000.0,"SAN FRANCISCO, CA",2016
UBER TECHNOLOGIES INC,DATA SCIENTIST,95000.0,"SAN FRANCISCO, CA",2016
UBER TECHNOLOGIES INC,DATA SCIENTIST,95000.0,"SAN FRANCISCO, CA",2016
UBER TECHNOLOGIES INC,DATA SCIENTIST,95000.0,"SAN FRANCISCO, CA",2016
UBER TECHNOLOGIES INC,DATA SCIENTIST,95000.0,"SAN FRANCISCO, CA",2016
THE BOSTON CONSULTING GROUP INC,DATA SCIENTIST,95000.0,"KIRKLAND, WA",2016
UBER TECHNOLOGIES INC,DATA SCIENTIST,95000.0,"SAN FRANCISCO, CA",2016
UBER TECHNOLOGIES INC,DATA SCIENTIST,95000.0,"SAN FRANCISCO, CA",2016
THE NIELSEN COMPANY (US) LLC,DATA SCIENTIST,95000.0,"COLUMBIA, MD",2016
SPICEWORKS INC,DATA SCIENTIST,95000.0,"AUSTIN, TX",2016
CREDIT KARMA INC,DATA SCIENTIST,95000.0,"SAN FRANCISCO, CA",2016
AGILONE INC,DATA SCIENTIST,95000.0,"SUNNYVALE, CA",2016
AGILONE INC,DATA SCIENTIST,95000.0,"SUNNYVALE, CA",2016
CELECT INC,DATA SCIENTIST,95000.0,"BOSTON, MA",2016
APPLIED DATA FINANCE LLC,DATA SCIENTIST,95000.0,"SAN DIEGO, CA",2016
INTEL CORPORATION,DATA SCIENTIST,95056.0,"CHANDLER, AZ",2016
EBAY INC,DATA SCIENTIST,95243.0,"SAN JOSE, CA",2016
ZILLOW INC,DATA SCIENTIST,95264.0,"SAN FRANCISCO, CA",2016
ZILLOW INC,DATA SCIENTIST,95264.0,"SAN FRANCISCO, CA",2016
TIBCO SOFTWARE INC,DATA SCIENTIST,95306.0,"PALO ALTO, CA",2016
TIBCO SOFTWARE INC,DATA SCIENTIST,95306.0,"PALO ALTO, CA",2016
TROOLY INC,DATA SCIENTIST,96000.0,"LOS ALTOS, CA",2016
UNIVERSITY OF NORTH CAROLINA AT CHAPEL HILL,DATA SCIENTIST,96000.0,"CHAPEL HILL, NC",2016
RANG TECHNOLOGIES INC,DATA SCIENTIST,96000.0,"KING OF PRUSSIA, PA",2016
SENTRANA INC,DATA SCIENTIST,96652.0,"WASHINGTON, DC",2016
INTEL CORPORATION,DATA SCIENTIST,97032.0,"CHANDLER, AZ",2016
INTEL CORPORATION,DATA SCIENTIST,97032.0,"CHANDLER, AZ",2016
INTEL AMERICAS,DATA SCIENTIST,97032.0,"CHANDLER, AZ",2016
ADS ALLIANCE DATA SYSTEMS INC,DATA SCIENTIST,97500.0,"CHICAGO, IL",2016
SCHLUMBERGER TECHNOLOGY CORPORATION,DATA SCIENTIST,97573.0,"MENLO PARK, CA",2016
RED BEACON INC,DATA SCIENTIST,97822.0,"FOSTER CITY, CA",2016
AETNA LIFE INSURANCE COMPANY,DATA SCIENTIST,98000.0,"WELLESLEY, MA",2016
AETNA LIFE INSURANCE COMPANY,DATA SCIENTIST,98000.0,"HARTFORD, CT",2016
DESIGN LABORATORY INC,DATA SCIENTIST,98000.0,"BELLEVUE, WA",2016
TUTOR UNIVERSE INC,DATA SCIENTIST,98000.0,"BURLINGAME, CA",2016
WAJAO INC,DATA SCIENTIST,98000.0,"SANTA MONICA, CA",2016
GREYLOCK MCKINNON ASSOCIATES,DATA SCIENTIST,98500.0,"WASHINGTON, DC",2016
GOLDEN RAT STUDIOS LLC,DATA SCIENTIST,100000.0,"LOS ANGELES, CA",2016
GOLDEN RAT STUDIOS LLC,DATA SCIENTIST,100000.0,"LOS ANGELES, CA",2016
RELAYRIDES INC,DATA SCIENTIST,100000.0,"SAN FRANCISCO, CA",2016
PINTEREST INC,DATA SCIENTIST,100000.0,"SAN FRANCISCO, CA",2016
PINTEREST INC,DATA SCIENTIST,100000.0,"SAN FRANCISCO, CA",2016
BRILENT INC,DATA SCIENTIST,100000.0,"SAN MATEO, CA",2016
CONCUR TECHNOLOGIES INC,DATA SCIENTIST,100000.0,"BELLEVUE, WA",2016
HOME DEPOT USA INC,DATA SCIENTIST,100000.0,"AUSTIN, TX",2016
SUPSTAT INC,DATA SCIENTIST,100000.0,"NEW YORK, NY",2016
XAI INC,DATA SCIENTIST,100000.0,"NEW YORK, NY",2016
DATA RPM CORPORATION USA,DATA SCIENTIST,100000.0,"REDWOOD CITY, CA",2016
GR TECH LLC,DATA SCIENTIST,100000.0,"NEW YORK, NY",2016
LEGACYCOM,DATA SCIENTIST,100000.0,"CALABASAS, CA",2016
SUPSTAT INC,DATA SCIENTIST,100000.0,"NEW YORK, NY",2016
MICROSOFT CORPORATION,DATA SCIENTIST,100000.0,"NEW YORK, NY",2016
TINDER INC,DATA SCIENTIST,100000.0,"WEST HOLLYWOOD, CA",2016
RELAYRIDES INC,DATA SCIENTIST,100000.0,"SAN FRANCISCO, CA",2016
STEM DISINTERMEDIA INC,DATA SCIENTIST,100000.0,"LOS ANGELES, CA",2016
AMERICAN EXPRESS COMPANY,DATA SCIENTIST,100000.0,"NEW YORK, NY",2016
FARMER&#39;S BUSINESS NETWORK INC,DATA SCIENTIST,100000.0,"SAN CARLOS, CA",2016
AVISO INC,DATA SCIENTIST,100000.0,"MENLO PARK, CA",2016
AGILONE INC,DATA SCIENTIST,100000.0,"SUNNYVALE, CA",2016
AGILONE INC,DATA SCIENTIST,100000.0,"SUNNYVALE, CA",2016
INSTRUCTURE INC,DATA SCIENTIST,100000.0,"SALT LAKE CITY, UT",2016
AVISO INC,DATA SCIENTIST,100000.0,"MENLO PARK, CA",2016
THE PROCTER &amp; GAMBLE COMPANY,DATA SCIENTIST,100000.0,"CINCINNATI, OH",2016
UBER TECHNOLOGIES INC,DATA SCIENTIST,100000.0,"SAN FRANCISCO, CA",2016
M SCIENCE LLC,DATA SCIENTIST,100000.0,"NEW YORK, NY",2016
HONEYWELL INTERNATIONAL INC,DATA SCIENTIST,100000.0,"ATLANTA, GA",2016
NYANSA INC,DATA SCIENTIST,100235.0,"PALO ALTO, CA",2016
BEEPI INC,DATA SCIENTIST,100235.0,"LOS ALTOS, CA",2016
DANAHER LABS LLC,DATA SCIENTIST,100235.0,"SANTA CLARA, CA",2016
SALESFORCECOM INC,DATA SCIENTIST,100402.0,"SAN FRANCISCO, CA",2016
UBER TECHNOLOGIES INC,DATA SCIENTIST,100402.0,"SAN FRANCISCO, CA",2016
UBER TECHNOLOGIES INC,DATA SCIENTIST,100402.0,"SAN FRANCISCO, CA",2016
LINKEDIN CORPORATION,DATA SCIENTIST,100800.0,"MOUNTAIN VIEW, CA",2016
LINKEDIN CORPORATION,DATA SCIENTIST,100800.0,"MOUNTAIN VIEW, CA",2016
LINKEDIN CORPORATION,DATA SCIENTIST,100800.0,"SAN FRANCISCO, CA",2016
LINKEDIN CORPORATION,DATA SCIENTIST,100800.0,"MOUNTAIN VIEW, CA",2016
LINKEDIN CORPORATION,DATA SCIENTIST,100800.0,"MOUNTAIN VIEW, CA",2016
UBER TECHNOLOGIES INC,DATA SCIENTIST,101026.0,"SAN FRANCISCO, CA",2016
SQUARE INC,DATA SCIENTIST,101026.0,"SAN FRANCISCO, CA",2016
UBER TECHNOLOGIES INC,DATA SCIENTIST,101026.0,"SAN FRANCISCO, CA",2016
HERE NORTH AMERICA LLC,DATA SCIENTIST,101088.0,"SEATTLE, WA",2016
INTEL CORPORATION,DATA SCIENTIST,101229.0,"HILLSBORO, OR",2016
RIOT GAMES INC,DATA SCIENTIST,101837.0,"LOS ANGELES, CA",2016
RIOT GAMES INC,DATA SCIENTIST,101837.0,"LOS ANGELES, CA",2016
ADS ALLIANCE DATA SYSTEMS INC,DATA SCIENTIST,102000.0,"CHICAGO, IL",2016
SCHLUMBERGER TECHNOLOGY CORPORATION,DATA SCIENTIST,102000.0,"HOUSTON, TX",2016
ADS ALLIANCE DATA SYSTEMS INC,DATA SCIENTIST,102000.0,"CHICAGO, IL",2016
AMERICAN EXPRESS COMPANY,DATA SCIENTIST,102000.0,"NEW YORK, NY",2016
PREDICTIX LLC,DATA SCIENTIST,102000.0,"ATLANTA, GA",2016
PREDICTIX LLC,DATA SCIENTIST,102000.0,"ATLANTA, GA",2016
INFOR (US) INC,DATA SCIENTIST,102000.0,"ATLANTA, GA",2016
INFOR (US) INC,DATA SCIENTIST,102000.0,"ATLANTA, GA",2016
NOVARTIS INSTITUTE FOR FUNCTIONAL GENOMICS INC,DATA SCIENTIST,102044.0,"SAN DIEGO, CA",2016
SALESFORCECOM INC,DATA SCIENTIST,102170.0,"PALO ALTO, CA",2016
20N LABS INC,DATA SCIENTIST,102357.0,"SAN FRANCISCO, CA",2016
PERFECT PRICE INC,DATA SCIENTIST,102390.0,"SAN FRANCISCO, CA",2016
AMADEUS NORTH AMERICA INC,DATA SCIENTIST,102400.0,"WALTHAM, MA",2016
INCUBIT LLC,DATA SCIENTIST,102544.0,"NEW YORK, NY",2016
NIKE INC,DATA SCIENTIST,104000.0,"BEAVERTON, OR",2016
NIKE INC,DATA SCIENTIST,104000.0,"BEAVERTON, OR",2016
CHILDREN&#39;S HOSPITAL OF ORANGE COUNTY,DATA SCIENTIST,104000.0,"ORANGE, CA",2016
SQUARE INC,DATA SCIENTIST,104021.0,"SAN FRANCISCO, CA",2016
MONSANTO COMPANY,DATA SCIENTIST,104064.0,"ST. LOUIS, MO",2016
MICROSOFT CORPORATION,DATA SCIENTIST,105000.0,"REDMOND, WA",2016
PROSPER MARKETPLACE INC,DATA SCIENTIST,105000.0,"SAN FRANCISCO, CA",2016
GETEXP INC,DATA SCIENTIST,105000.0,"REDWOOD CITY, CA",2016
REELIO LABS LLC,DATA SCIENTIST,105000.0,"NEW YORK, NJ",2016
PROGRESSIVE CASUALTY INSURANCE COMPANY,DATA SCIENTIST,105000.0,"MAYFIELD HEIGHTS, OH",2016
CHARTBEAT INC,DATA SCIENTIST,105000.0,"NEW YORK, NY",2016
MICROSOFT CORPORATION,DATA SCIENTIST,105000.0,"REDMOND, WA",2016
UPTAKE TECHNOLOGIES INC,DATA SCIENTIST,105000.0,"CHICAGO, IL",2016
QUORA INC,DATA SCIENTIST,105000.0,"MOUNTAIN VIEW, CA",2016
UPTAKE TECHNOLOGIES INC,DATA SCIENTIST,105000.0,"CHICAGO, IL",2016
AMERICAN EXPRESS COMPANY,DATA SCIENTIST,105000.0,"NEW YORK, NY",2016
AMERICAN EXPRESS COMPANY,DATA SCIENTIST,105000.0,"PHOENIX, AZ",2016
ILLINOIS CENTRAL RAILROAD COMPANY,DATA SCIENTIST,105000.0,"HOMEWOOD, IL",2016
ADARA INC,DATA SCIENTIST,105000.0,"MOUNTAIN VIEW, CA",2016
ADARA INC,DATA SCIENTIST,105000.0,"MOUNTAIN VIEW, CA",2016
EUCLID INC,DATA SCIENTIST,105000.0,"SAN FRANCISCO, CA",2016
AMI MONITORING INC,DATA SCIENTIST,105000.0,"MCKINNEY, TX",2016
EXPEDIA INC,DATA SCIENTIST,105165.0,"BELLEVUE, WA",2016
MICROSOFT CORPORATION,DATA SCIENTIST,106000.0,"BELLEVUE, WA",2016
MICROSOFT CORPORATION,DATA SCIENTIST,106000.0,"BELLEVUE, WA",2016
MICROSOFT CORPORATION,DATA SCIENTIST,106000.0,"REDMOND, WA",2016
MICROSOFT CORPORATION,DATA SCIENTIST,106000.0,"REDMOND, WA",2016
MICROSOFT CORPORATION,DATA SCIENTIST,106000.0,"REDMOND, WA",2016
MICROSOFT CORPORATION,DATA SCIENTIST,106000.0,"BELLEVUE, WA",2016
MICROSOFT CORPORATION,DATA SCIENTIST,106000.0,"REDMOND, WA",2016
GOOGLE INC,DATA SCIENTIST,106550.0,"MOUNTAIN VIEW, CA",2016
MICROSOFT CORPORATION,DATA SCIENTIST,106900.0,"BELLEVUE, WA",2016
SPOKEO INC,DATA SCIENTIST,106995.0,"PASADENA, CA",2016
INTEL CORPORATION,DATA SCIENTIST,107071.0,"SANTA CLARA, CA",2016
IBM CORPORATION,DATA SCIENTIST,107300.0,"SOMERS, NY",2016
IBM CORPORATION,DATA SCIENTIST,107300.0,"YORKTOWN HEIGHTS, NY",2016
UBER TECHNOLOGIES INC,DATA SCIENTIST,107390.0,"SAN FRANCISCO, CA",2016
POCKET GEMS INC,DATA SCIENTIST,107390.0,"SAN FRANCISCO, CA",2016
UBER TECHNOLOGIES INC,DATA SCIENTIST,107390.0,"SAN FRANCISCO, CA",2016
UBER TECHNOLOGIES INC,DATA SCIENTIST,107390.0,"SAN FRANCISCO, CA",2016
UBER TECHNOLOGIES INC,DATA SCIENTIST,107390.0,"SAN FRANCISCO, CA",2016
FACEBOOK INC,DATA SCIENTIST,108483.0,"MENLO PARK, CA",2016
BENEFITFOCUSCOM INC,DATA SCIENTIST,109000.0,"CHARLESTON, SC",2016
INTUIT INC,DATA SCIENTIST,109200.0,"MOUNTAIN VIEW, CA",2016
MICROSOFT CORPORATION,DATA SCIENTIST,109500.0,"REDMOND, WA",2016
MOCAP ANALYTICS INC,DATA SCIENTIST,109678.0,"MENLO PARK, CA",2016
MOCAP ANALYTICS INC,DATA SCIENTIST,109678.0,"MENLO PARK, CA",2016
EDMUNDSCOM,DATA SCIENTIST,110000.0,"SANTA MONICA, CA",2016
METROMILE INC,DATA SCIENTIST,110000.0,"SAN FRANCICSCO, CA",2016
IMMERSION CORPORATION,DATA SCIENTIST,110000.0,"SAN JOSE, CA",2016
QUID INC,DATA SCIENTIST,110000.0,"SAN FRANCISCO, CA",2016
QUANTIFIND INC,DATA SCIENTIST,110000.0,"MENLO PARK, CA",2016
WISEIO,DATA SCIENTIST,110000.0,"BERKELEY, CA",2016
GLASSDOOR INC,DATA SCIENTIST,110000.0,"MILL VALLEY, CA",2016
LOCUS SOCIAL INC,DATA SCIENTIST,110000.0,"ARLINGTON, VA",2016
AQUASIGHT LLC,DATA SCIENTIST,110000.0,"TROY, MI",2016
SERVATURE INC,DATA SCIENTIST,110000.0,"SAN FRANCISCO, CA",2016
PROG LEASING LLC,DATA SCIENTIST,110000.0,"DRAPER, UT",2016
DATALOG INC,DATA SCIENTIST,110000.0,"SAN FRANCISCO, CA",2016
XAI INC,DATA SCIENTIST,110000.0,"NEW YORK, NY",2016
XAI INC,DATA SCIENTIST,110000.0,"NEW YORK, NY",2016
DATABRICKS INC,DATA SCIENTIST,110000.0,"SAN FRANCISCO, CA",2016
XAI INC,DATA SCIENTIST,110000.0,"NEW YORK, NY",2016
GENESIS MEDIA LLC,DATA SCIENTIST,110000.0,"NEW YORK, NY",2016
FACEBOOK INC,DATA SCIENTIST,110000.0,"SEATTLE, WA",2016
TIGERTEXT INC,DATA SCIENTIST,110000.0,"PALO ALTO, CA",2016
EDF TRADING NORTH AMERICA LLC,DATA SCIENTIST,110000.0,"HOUSTON, TX",2016
VENUENEXT INC,DATA SCIENTIST,110000.0,"SANTA CLARA, CA",2016
TIGERTEXT INC,DATA SCIENTIST,110000.0,"PALO ALTO, CA",2016
UPTAKE TECHNOLOGIES INC,DATA SCIENTIST,110000.0,"CHICAGO, IL",2016
BEEPI INC,DATA SCIENTIST,110000.0,"LOS ALTOS, CA",2016
SAVI TECHNOLOGY INC,DATA SCIENTIST,110000.0,"ALEXANDRIA, VA",2016
SAVI TECHNOLOGY INC,DATA SCIENTIST,110000.0,"ALEXANDRIA, VA",2016
SAVI TECHNOLOGY INC,DATA SCIENTIST,110000.0,"ALEXANDRIA, VA",2016
UPTAKE TECHNOLOGIES INC,DATA SCIENTIST,110000.0,"CHICAGO, IL",2016
DAVIDSON KEMPNER CAPITAL MANAGEMENT LP,DATA SCIENTIST,110000.0,"NEW YORK, NY",2016
QUID INC,DATA SCIENTIST,110000.0,"SAN FRANCISCO, CA",2016
CROWDSTAR INC,DATA SCIENTIST,110000.0,"BURLINGAME, CA",2016
SUPPLY FRAME INC,DATA SCIENTIST,110000.0,"PASADENA, CA",2016
SUPPLY FRAME INC,DATA SCIENTIST,110000.0,"PASADENA, CA",2016
SUPPLY FRAME INC,DATA SCIENTIST,110000.0,"PASADENA, CA",2016
INSTART LOGIC INC,DATA SCIENTIST,110000.0,"PALO  ALTO, CA",2016
EDF TRADING NORTH AMERICA LLC,DATA SCIENTIST,110000.0,"HOUSTON, TX",2016
BANKRATE INC,DATA SCIENTIST,110000.0,"NEW YORK, NY",2016
LUXE VALET INC,DATA SCIENTIST,110000.0,"SAN FRANCISCO, CA",2016
AGILONE INC,DATA SCIENTIST,110000.0,"SUNNYVALE, CA",2016
LATTICE DATA INC,DATA SCIENTIST,110000.0,"MENLO PARK, CA",2016
STEM INC,DATA SCIENTIST,110000.0,"MILLBRAE, CA",2016
GILBARCO INC,DATA SCIENTIST,110000.0,"GREENSBORO, NC",2016
ZB NA,DATA SCIENTIST,110000.0,"HOUSTON, TX",2016
INTUIT INC,DATA SCIENTIST,110760.0,"WOODLAND HILLS, CA",2016
PINTEREST INC,DATA SCIENTIST,111500.0,"SAN FRANCISCO, CA",2016
MICROSOFT CORPORATION,DATA SCIENTIST,111500.0,"REDMOND, WA",2016
IBM CORPORATION,DATA SCIENTIST,111500.0,"SOMERS, NY",2016
DATABRICKS INC,DATA SCIENTIST,111571.0,"SAN FRANCISCO, CA",2016
YELLOWPAGESCOM LLC,DATA SCIENTIST,111613.0,"GLENDALE, CA",2016
YELLOWPAGESCOM LLC,DATA SCIENTIST,111613.0,"GLENDALE, CA",2016
STATE FARM MUTUAL AUTOMOBILE INSURANCE COMPANY,DATA SCIENTIST,112000.0,"BLOOMINGTON, IL",2016
CA INC,DATA SCIENTIST,112000.0,"SAN DIEGO, CA",2016
THE NIELSEN COMPANY (US) LLC,DATA SCIENTIST,112000.0,"NEW YORK, NY",2016
COUPANG GLOBAL LLC,DATA SCIENTIST,112200.0,"PALO ALTO, CA",2016
IBM CORPORATION,DATA SCIENTIST,112445.0,"SAN FRANCISCO, CA",2016
MICROSOFT CORPORATION,DATA SCIENTIST,112500.0,"REDMOND, WA",2016
SUNING COMMERCE R&amp;D CENTER,DATA SCIENTIST,113300.0,"PALO ALTO, CA",2016
MICROSOFT CORPORATION,DATA SCIENTIST,113860.0,"REDMOND, WA",2016
MICROSOFT CORPORATION,DATA SCIENTIST,114000.0,"CAMBRIDGE, MA",2016
MICROSOFT CORPORATION,DATA SCIENTIST,114000.0,"BELLEVUE, WA",2016
MICROSOFT CORPORATION,DATA SCIENTIST,114000.0,"REDMOND, WA",2016
MICROSOFT CORPORATION,DATA SCIENTIST,114000.0,"REDMOND, WA",2016
MICROSOFT CORPORATION,DATA SCIENTIST,114000.0,"REDMOND, WA",2016
MICROSOFT CORPORATION,DATA SCIENTIST,114000.0,"REDMOND, WA",2016
MICROSOFT CORPORATION,DATA SCIENTIST,114000.0,"REDMOND, WA",2016
MICROSOFT CORPORATION,DATA SCIENTIST,114000.0,"CAMBRIDGE, MA",2016
MICROSOFT CORPORATION,DATA SCIENTIST,114000.0,"BELLEVUE, WA",2016
MICROSOFT CORPORATION,DATA SCIENTIST,114000.0,"CAMBRIDGE, MA",2016
MICROSOFT CORPORATION,DATA SCIENTIST,114000.0,"REDMOND, WA",2016
MICROSOFT CORPORATION,DATA SCIENTIST,114000.0,"REDMOND, WA",2016
MICROSOFT CORPORATION,DATA SCIENTIST,114000.0,"REDMOND, WA",2016
MICROSOFT CORPORATION,DATA SCIENTIST,114000.0,"REDMOND, WA",2016
BOOMERANG COMMERCE INC,DATA SCIENTIST,114358.0,"MOUNTAIN VIEW, CA",2016
LINKEDIN CORPORATION,DATA SCIENTIST,114358.0,"MOUNTAIN VIEW, CA",2016
VECTRA NETWORKS INC,DATA SCIENTIST,114358.0,"SAN JOSE, CA",2016
MICROSOFT CORPORATION,DATA SCIENTIST,115000.0,"SUNNYVALE, CA",2016
LOTUSFLARE INC,DATA SCIENTIST,115000.0,"SUNNYVALE, CA",2016
FACEBOOK INC,DATA SCIENTIST,115000.0,"MENLO PARK, CA",2016
SECURITYSCORECARD INC,DATA SCIENTIST,115000.0,"NEW YORK, NY",2016
FISCALNOTE INC,DATA SCIENTIST,115000.0,"WASHINGTON, DC",2016
DSTILLERY INC,DATA SCIENTIST,115000.0,"NEW YORK, NY",2016
COLLECTIVE HEALTH INC,DATA SCIENTIST,115000.0,"SAN MATEO, CA",2016
GINGERIO INC,DATA SCIENTIST,115000.0,"SAN FRANCISCO, CA",2016
WELOCALIZE INC,DATA SCIENTIST,115000.0,"NEW YORK, NY",2016
NIMBLE STORAGE INC,DATA SCIENTIST,115000.0,"SAN JOSE, CA",2016
FISCALNOTE INC,DATA SCIENTIST,115000.0,"WASHINGTON, DC",2016
CLOUDERA INC,DATA SCIENTIST,115000.0,"PALO ALTO, CA",2016
TWITTER INC,DATA SCIENTIST,115000.0,"SAN FRANCISCO, CA",2016
TRUECAR INC,DATA SCIENTIST,115000.0,"SANTA MONICA, CA",2016
UBER TECHNOLOGIES INC,DATA SCIENTIST,115000.0,"SAN FRANCISCO, CA",2016
UBER TECHNOLOGIES INC,DATA SCIENTIST,115000.0,"SAN FRANCISCO, CA",2016
POPSUGAR INC,DATA SCIENTIST,115000.0,"SAN FRANCISCO, CA",2016
AMERICAN EXPRESS COMPANY,DATA SCIENTIST,115000.0,"NEW YORK, NY",2016
MICROSOFT CORPORATION,DATA SCIENTIST,115000.0,"REDMOND, WA",2016
MICROSOFT CORPORATION,DATA SCIENTIST,115000.0,"SUNNYVALE, CA",2016
RIVIERA PARTNERS,DATA SCIENTIST,115000.0,"SAN FRANCISCO, CA",2016
MICROSOFT CORPORATION,DATA SCIENTIST,115000.0,"REDMOND, WA",2016
DAVIDSON KEMPNER CAPITAL MANAGEMENT LP,DATA SCIENTIST,115000.0,"NEW YORK, NY",2016
GODADDYCOM LLC,DATA SCIENTIST,115000.0,"SUNNYVALE, CA",2016
EXABEAM INC,DATA SCIENTIST,115000.0,"SAN MATEO, CA",2016
UBER TECHNOLOGIES INC,DATA SCIENTIST,115000.0,"SAN FRANCISCO, CA",2016
UBER TECHNOLOGIES INC,DATA SCIENTIST,115000.0,"SAN FRANCISCO, CA",2016
MCLAGAN PARTNERS INC,DATA SCIENTIST,115000.0,"NEW YORK, NY",2016
UBER TECHNOLOGIES INC,DATA SCIENTIST,115000.0,"SAN FRANCISCO, CA",2016
UBER TECHNOLOGIES INC,DATA SCIENTIST,115000.0,"SAN FRANCISCO, CA",2016
UBER TECHNOLOGIES INC,DATA SCIENTIST,115000.0,"SAN FRANCISCO, CA",2016
UBER TECHNOLOGIES INC,DATA SCIENTIST,115000.0,"SAN FRANCISCO, CA",2016
UBER TECHNOLOGIES INC,DATA SCIENTIST,115000.0,"SAN FRANCISCO, CA",2016
UBER TECHNOLOGIES INC,DATA SCIENTIST,115000.0,"SAN FRANCISCO, CA",2016
UBER TECHNOLOGIES INC,DATA SCIENTIST,115000.0,"SAN FRANCISCO, CA",2016
UBER TECHNOLOGIES INC,DATA SCIENTIST,115000.0,"SAN FRANCISCO, CA",2016
FACEBOOK INC,DATA SCIENTIST,115000.0,"SEATTLE, WA",2016
UBER TECHNOLOGIES INC,DATA SCIENTIST,115000.0,"SAN FRANCISCO, CA",2016
UBER TECHNOLOGIES INC,DATA SCIENTIST,115000.0,"SAN FRANCISCO, CA",2016
FACEBOOK INC,DATA SCIENTIST,115000.0,"MENLO PARK, CA",2016
UBER TECHNOLOGIES INC,DATA SCIENTIST,115000.0,"SAN FRANCISCO, CA",2016
UBER TECHNOLOGIES INC,DATA SCIENTIST,115000.0,"SAN FRANCISCO, CA",2016
SUPPLY FRAME INC,DATA SCIENTIST,115000.0,"PASADENA, CA",2016
FANATICS RETAIL GROUP FULFILLMENT INC,DATA SCIENTIST,115000.0,"SUNNYVALE, CA",2016
UBER TECHNOLOGIES INC,DATA SCIENTIST,115000.0,"SAN FRANCISCO, CA",2016
THE HUNTINGTON NATIONAL BANK,DATA SCIENTIST,115000.0,"COLUMBUS, OH",2016
PHILIPS ELECTRONICS NORTH AMERICA CORPORATION,DATA SCIENTIST,115000.0,"BALTIMORE, MD",2016
AUDIBLE INC,DATA SCIENTIST,115000.0,"NEWARK, NJ",2016
AUDIBLE INC,DATA SCIENTIST,115000.0,"NEWARK, NJ",2016
TRUECAR INC,DATA SCIENTIST,115000.0,"SANTA MONICA, CA",2016
FACEBOOK INC,DATA SCIENTIST,115000.0,"MENLO PARK, CA",2016
UBER TECHNOLOGIES INC,DATA SCIENTIST,115000.0,"SAN FRANCISCO, CA",2016
UBER TECHNOLOGIES INC,DATA SCIENTIST,115000.0,"SAN FRANCISCO, CA",2016
FANATICS RETAIL GROUP FULFILLMENT INC,DATA SCIENTIST,115000.0,"SAN MATEO, CA",2016
FACEBOOK INC,DATA SCIENTIST,115000.0,"MENLO PARK, CA",2016
UBER TECHNOLOGIES INC,DATA SCIENTIST,115000.0,"SAN FRANCISCO, CA",2016
UBER TECHNOLOGIES INC,DATA SCIENTIST,115000.0,"SAN FRANCISCO, CA",2016
SHUTTERFLY INC,DATA SCIENTIST,115000.0,"REDWOOD CITY, CA",2016
OPTIVER US LLC,DATA SCIENTIST,115000.0,"CHICAGO, IL",2016
UBER TECHNOLOGIES INC,DATA SCIENTIST,115000.0,"SAN FRANCISCO, CA",2016
MICROSOFT CORPORATION,DATA SCIENTIST,115000.0,"REDMOND, WA",2016
FACEBOOK INC,DATA SCIENTIST,115000.0,"MENLO PARK, CA",2016
MICROSOFT CORPORATION,DATA SCIENTIST,115000.0,"REDMOND, WA",2016
CHEGG INC,DATA SCIENTIST,115000.0,"SANTA CLARA, CA",2016
MICROSOFT CORPORATION,DATA SCIENTIST,115400.0,"REDMOND, WA",2016
ARMOR DEFENSE INC,DATA SCIENTIST,116000.0,"RICHARDSON, TX",2016
MICROSOFT CORPORATION,DATA SCIENTIST,117000.0,"BELLEVUE, WA",2016
MICROSOFT CORPORATION,DATA SCIENTIST,117000.0,"BELLEVUE, WA",2016
TWITTER INC,DATA SCIENTIST,117000.0,"SAN FRANCISCO, CA",2016
SOLARCITY CORPORATION,DATA SCIENTIST,117000.0,"SAN MATEO, CA",2016
MICROSOFT CORPORATION,DATA SCIENTIST,117163.0,"REDMOND, WA",2016
PINDROP SECURITY INC,DATA SCIENTIST,117166.0,"ATLANTA, GA",2016
HOME DEPOT USA INC,DATA SCIENTIST,117500.0,"ATLANTA, GA",2016
MICROSOFT CORPORATION,DATA SCIENTIST,117700.0,"BELLEVUE, WA",2016
SNAPCHAT INC,DATA SCIENTIST,117770.0,"SAN FRANCISCO, CA",2016
THE NEW YORK TIMES COMPANY,DATA SCIENTIST,117875.0,"NEW YORK, NY",2016
GROUPON INC,DATA SCIENTIST,118000.0,"PALO ALTO, CA",2016
BRIGHTCOVE INC,DATA SCIENTIST,118000.0,"SEATTLE, WA",2016
HOME DEPOT USA INC,DATA SCIENTIST,118000.0,"ATLANTA, GA",2016
CISCO SYSTEMS INC,DATA SCIENTIST,119517.0,"SAN JOSE, CA",2016
BEEPI INC,DATA SCIENTIST,119517.0,"LOS ALTOS, CA",2016
SQUARE INC,DATA SCIENTIST,119642.0,"SAN FRANCISCO, CA",2016
INTUIT INC,DATA SCIENTIST,119912.0,"MOUNTAIN VIEW, CA",2016
FACEBOOK INC,DATA SCIENTIST,120000.0,"MENLO PARK, CA",2016
JPMORGAN CHASE &amp; CO,DATA SCIENTIST,120000.0,"NEW YORK, NY",2016
PAYPAL INC,DATA SCIENTIST,120000.0,"SAN JOSE, CA",2016
KNOWLEDGENT GROUP INC,DATA SCIENTIST,120000.0,"WARREN, NJ",2016
KOHL&#39;S DEPARTMENT STORES INC,DATA SCIENTIST,120000.0,"MILPITAS, CA",2016
RADIUMONE INC,DATA SCIENTIST,120000.0,"SAN FRANCISCO, CA",2016
FAMA TECHNOLOGIES INC,DATA SCIENTIST,120000.0,"VENICE, CA",2016
ADLAST INC,DATA SCIENTIST,120000.0,"SAN FRANCISCO, CA",2016
UPLIFT INC,DATA SCIENTIST,120000.0,"SUNNYVALE, CA",2016
VESTED FINANCE INC,DATA SCIENTIST,120000.0,"SAN FRANCISCO, CA",2016
VOICEBOX TECHNOLOGIES CORPORATION,DATA SCIENTIST,120000.0,"BELLEVUE, WA",2016
VESTED FINANCE INC,DATA SCIENTIST,120000.0,"SAN FRANCISCO, CA",2016
UBIOME INC,DATA SCIENTIST,120000.0,"SAN FRANCISCO, CA",2016
CHEGG INC,DATA SCIENTIST,120000.0,"SANTA CLARA, CA",2016
FACEBOOK INC,DATA SCIENTIST,120000.0,"MENLO PARK, CA",2016
FACEBOOK INC,DATA SCIENTIST,120000.0,"MENLO PARK, CA",2016
INTEGRAL AD SCIENCE INC,DATA SCIENTIST,120000.0,"NEW YORK, NY",2016
GRO INTELLIGENCE INC,DATA SCIENTIST,120000.0,"NEW YORK, NY",2016
GATEHOUSE MEDIA VENTURES INC,DATA SCIENTIST,120000.0,"QUINCY, MA",2016
NEXTDOORCOM INC,DATA SCIENTIST,120000.0,"SAN FRANCISCO, CA",2016
PAYPAL INC,DATA SCIENTIST,120000.0,"SAN JOSE, CA",2016
SEARS HOLDINGS MANAGEMENT CORPORATION,DATA SCIENTIST,120000.0,"HOFFMAN ESTATES, IL",2016
VIA TRANSPORTATION INC,DATA SCIENTIST,120000.0,"NEW YORK, NY",2016
PAYPAL INC,DATA SCIENTIST,120000.0,"SAN JOSE, CA",2016
ELECTRONIC ARTS INC,DATA SCIENTIST,120000.0,"REDWOOD CITY, CA",2016
T3C INC DBA RETAIL SOLUTIONS INC,DATA SCIENTIST,120000.0,"MOUNTAIN VIEW, CA",2016
VIA TRANSPORTATION INC,DATA SCIENTIST,120000.0,"NEW YORK, NY",2016
DROPBOX INC,DATA SCIENTIST,120000.0,"SAN FRANCISCO, CA",2016
SCIENTIFIC REVENUE,DATA SCIENTIST,120000.0,"SAN MATEO, CA",2016
SCIENTIFIC REVENUE,DATA SCIENTIST,120000.0,"SAN MATEO, CA",2016
DROPBOX INC,DATA SCIENTIST,120000.0,"SAN FRANCISCO, CA",2016
RENT THE RUNWAY INC,DATA SCIENTIST,120000.0,"NEW YORK, NY",2016
MICROSOFT CORPORATION,DATA SCIENTIST,120000.0,"REDMOND, WA",2016
YELLOWPAGESCOM LLC,DATA SCIENTIST,120224.0,"NEW YORK, NY",2016
PATTERNEX INC,DATA SCIENTIST,120349.0,"SAN JOSE, CA",2016
PERFECT PRICE INC,DATA SCIENTIST,120390.0,"SAN FRANCISCO, CA",2016
MICROSOFT CORPORATION,DATA SCIENTIST,121369.0,"REDMOND, WA",2016
PHILIPS LIGHTING NORTH AMERICA CORPORATION,DATA SCIENTIST,122928.0,"CAMBRIDGE, MA",2016
MUNICH REINSURANCE AMERICA INC,DATA SCIENTIST,123000.0,"PRINCETON, NJ",2016
MICROSOFT CORPORATION,DATA SCIENTIST,123000.0,"BELLEVUE, WA",2016
MICROSOFT CORPORATION,DATA SCIENTIST,123000.0,"BELLEVUE, WA",2016
MICROSOFT CORPORATION,DATA SCIENTIST,123000.0,"REDMOND, WA",2016
AIRBNB INC,DATA SCIENTIST,123000.0,"SAN FRANCISCO, CA",2016
MICROSOFT CORPORATION,DATA SCIENTIST,123000.0,"REDMOND, WA",2016
MICROSOFT CORPORATION,DATA SCIENTIST,123505.0,"REDMOND, WA",2016
STITCH FIX INC,DATA SCIENTIST,123594.0,"SAN FRANCISCO, CA",2016
UBER TECHNOLOGIES INC,DATA SCIENTIST,123594.0,"SAN FRANCISCO, CA",2016
STITCH FIX INC,DATA SCIENTIST,123594.0,"SAN FRANCISCO, CA",2016
STITCH FIX INC,DATA SCIENTIST,123594.0,"SAN FRANCISCO, CA",2016
VIACOM INTERNATIONAL INC,DATA SCIENTIST,123600.0,"NEW YORK, NY",2016
MICROSOFT CORPORATION,DATA SCIENTIST,123700.0,"REDMOND, WA",2016
LYFT INC,DATA SCIENTIST,124000.0,"SAN FRANCISCO, CA",2016
MICROSOFT CORPORATION,DATA SCIENTIST,124000.0,"MOUNTAIN VIEW, CA",2016
MICROSOFT CORPORATION,DATA SCIENTIST,125000.0,"REDMOND, WA",2016
MICROSOFT CORPORATION,DATA SCIENTIST,125000.0,"REDMOND, WA",2016
MICROSOFT CORPORATION,DATA SCIENTIST,125000.0,"REDMOND, WA",2016
VECTRA NETWORKS INC,DATA SCIENTIST,125000.0,"SAN JOSE, CA",2016
PALO ALTO NETWORKS INC,DATA SCIENTIST,125000.0,"SANTA CLARA, CA",2016
XAD INC,DATA SCIENTIST,125000.0,"MOUNTAIN VIEW, CA",2016
GLASSDOOR INC,DATA SCIENTIST,125000.0,"MILL VALLEY, CA",2016
ZYNGA INC,DATA SCIENTIST,125000.0,"NEW YORK, NY",2016
WORKDAY INC,DATA SCIENTIST,125000.0,"PLEASANTON, CA",2016
ZYNGA INC,DATA SCIENTIST,125000.0,"NEW YORK, NY",2016
ENTELO INC,DATA SCIENTIST,125000.0,"SAN FRANCISCO, CA",2016
BALBIX INC,DATA SCIENTIST,125000.0,"SAN JOSE, CA",2016
LEANPLUM INC,DATA SCIENTIST,125000.0,"SAN FRANCISCO, CA",2016
MICROSOFT CORPORATION,DATA SCIENTIST,125000.0,"CAMBRIDGE, MA",2016
MICROSOFT CORPORATION,DATA SCIENTIST,125000.0,"SUNNYVALE, CA",2016
MICROSOFT CORPORATION,DATA SCIENTIST,125000.0,"REDMOND, WA",2016
MICROSOFT CORPORATION,DATA SCIENTIST,125000.0,"SUNNYVALE, CA",2016
MICROSOFT CORPORATION,DATA SCIENTIST,125000.0,"REDMOND, WA",2016
MICROSOFT CORPORATION,DATA SCIENTIST,125000.0,"SUNNYVALE, CA",2016
MICROSOFT CORPORATION,DATA SCIENTIST,125000.0,"REDMOND, WA",2016
THE BOSTON CONSULTING GROUP INC,DATA SCIENTIST,125000.0,"BOSTON, MA",2016
THE BOSTON CONSULTING GROUP INC,DATA SCIENTIST,125000.0,"BOSTON, MA",2016
COTIVITI USA LLC,DATA SCIENTIST,125000.0,"ATLANTA, GA",2016
TAKT INC,DATA SCIENTIST,125000.0,"SAN FRANCISCO, CA",2016
OMAZE,DATA SCIENTIST,125000.0,"CULVER CITY, CA",2016
LATTICE ENGINES INC,DATA SCIENTIST,125000.0,"NEW YORK, NY",2016
LEARNVEST INC LLC,DATA SCIENTIST,125000.0,"NEW YORK, NY",2016
MICROSOFT CORPORATION,DATA SCIENTIST,125000.0,"BELLEVUE, WA",2016
FACEBOOK INC,DATA SCIENTIST,126000.0,"MENLO PARK, CA",2016
MICROSOFT CORPORATION,DATA SCIENTIST,126000.0,"REDMOND, WA",2016
MICROSOFT CORPORATION,DATA SCIENTIST,127000.0,"BELLEVUE, WA",2016
ANCESTRYCOM OPERATIONS INC,DATA SCIENTIST,128000.0,"SAN FRANCISCO, CA",2016
MICROSOFT CORPORATION,DATA SCIENTIST,128500.0,"CAMBRIDGE, MA",2016
CONTEXT RELEVANT INC,DATA SCIENTIST,129000.0,"SEATTLE, WA",2016
CONTEXT RELEVANT INC,DATA SCIENTIST,129000.0,"SEATTLE, WA",2016
MICROSOFT CORPORATION,DATA SCIENTIST,129300.0,"REDMOND, WA",2016
ASAPP INC,DATA SCIENTIST,130000.0,"NEW YORK, NY",2016
VIGNET INC,DATA SCIENTIST,130000.0,"FAIRFAX, VA",2016
FV USA LLC,DATA SCIENTIST,130000.0,"PALO ALTO, CA",2016
NATIVEX HOLDINGS LLC,DATA SCIENTIST,130000.0,"SAN JOSE, CA",2016
BLIZZARD ENTERTAINMENT INC,DATA SCIENTIST,130000.0,"IRVINE, CA",2016
NATIVEX LLC,DATA SCIENTIST,130000.0,"SAN JOSE, CA",2016
QUANTIFIND INC,DATA SCIENTIST,130000.0,"MENLO PARK, CA",2016
SMARTFINANCE LLC,DATA SCIENTIST,130000.0,"NEW YORK, NY",2016
APPLE INC,DATA SCIENTIST,130000.0,"CUPERTINO, CA",2016
ENGINEERS GATE MANAGER LP,DATA SCIENTIST,130000.0,"NEW YORK, NY",2016
PHOTON INFOTECH INC,DATA SCIENTIST,130000.0,"LONG BEACH, NY",2016
BIDGELY INC,DATA SCIENTIST,130000.0,"SUNNYVALE, CA",2016
MICROSOFT CORPORATION,DATA SCIENTIST,130000.0,"REDMOND, WA",2016
COTIVITI USA LLC,DATA SCIENTIST,130000.0,"ATLANTA, GA",2016
AIRBNB INC,DATA SCIENTIST,130000.0,"SAN FRANCISCO, CA",2016
AIRBNB INC,DATA SCIENTIST,130000.0,"SAN FRANCISCO, CA",2016
QUID INC,DATA SCIENTIST,130000.0,"SAN FRANCISCO, CA",2016
TWITTER INC,DATA SCIENTIST,130000.0,"SAN FRANCISCO, CA",2016
LYFT INC,DATA SCIENTIST,130000.0,"SAN FRANCISCO, CA",2016
MICROSOFT CORPORATION,DATA SCIENTIST,130300.0,"BELLEVUE, WA",2016
MICROSOFT CORPORATION,DATA SCIENTIST,130680.0,"REDMOND, WA",2016
BAIDU USA LLC,DATA SCIENTIST,130800.0,"SUNNYVALE, CA",2016
MICROSOFT CORPORATION,DATA SCIENTIST,131766.0,"REDMOND, WA",2016
LYFT INC,DATA SCIENTIST,132000.0,"SAN FRANCISCO, CA",2016
FACEBOOK INC,DATA SCIENTIST,132300.0,"NEW YORK, NY",2016
MICROSOFT CORPORATION,DATA SCIENTIST,132527.0,"REDMOND, WA",2016
MICROSOFT CORPORATION,DATA SCIENTIST,133500.0,"REDMOND, WA",2016
MICROSOFT CORPORATION,DATA SCIENTIST,133500.0,"REDMOND, WA",2016
MICROSOFT CORPORATION,DATA SCIENTIST,133500.0,"REDMOND, WA",2016
MICROSOFT CORPORATION,DATA SCIENTIST,133500.0,"REDMOND, WA",2016
MICROSOFT CORPORATION,DATA SCIENTIST,133500.0,"REDMOND, WA",2016
MICROSOFT CORPORATION,DATA SCIENTIST,133500.0,"BELLEVUE, WA",2016
MICROSOFT CORPORATION,DATA SCIENTIST,133500.0,"REDMOND, WA",2016
OPENDOOR LABS INC,DATA SCIENTIST,135000.0,"SAN FRANCISCO, CA",2016
OUTRAGEOUS LABS INC,DATA SCIENTIST,135000.0,"SAN FRANCISCO, CA",2016
BLIZZARD ENTERTAINMENT INC,DATA SCIENTIST,135000.0,"IRVINE, CA",2016
KOHL&#39;S DEPARTMENT STORES INC,DATA SCIENTIST,135000.0,"MILPITAS, CA",2016
FACEBOOK INC,DATA SCIENTIST,135000.0,"MENLO PARK, CA",2016
PULSEPOINT INC,DATA SCIENTIST,135000.0,"NEW YORK, NY",2016
ADARA INC,DATA SCIENTIST,135000.0,"MOUNTAIN VIEW, CA",2016
FACEBOOK INC,DATA SCIENTIST,135000.0,"MENLO PARK, CA",2016
MICROSOFT CORPORATION,DATA SCIENTIST,135000.0,"SUNNYVALE, CA",2016
MICROSOFT CORPORATION,DATA SCIENTIST,135000.0,"BELLEVUE, WA",2016
PAYPAL INC,DATA SCIENTIST,135000.0,"SAN JOSE, CA",2016
ZESTFINANCE INC,DATA SCIENTIST,135000.0,"LOS ANGELES, CA",2016
ZESTFINANCE INC,DATA SCIENTIST,135000.0,"LOS ANGELES, CA",2016
FACEBOOK INC,DATA SCIENTIST,135000.0,"MENLO PARK, CA",2016
FACEBOOK INC,DATA SCIENTIST,135000.0,"MENLO PARK, CA",2016
CLOVER HEALTH LABS LLC,DATA SCIENTIST,135000.0,"SAN FRANCISCO, CA",2016
ROBINHOOD MARKETS INC,DATA SCIENTIST,135000.0,"PALO ALTO, CA",2016
FACEBOOK INC,DATA SCIENTIST,135000.0,"MENLO PARK, CA",2016
WHISPERTEXT INC,DATA SCIENTIST,135000.0,"VENICE, CA",2016
FACEBOOK INC,DATA SCIENTIST,135000.0,"MENLO PARK, CA",2016
MAPR TECHNOLOGIES INC,DATA SCIENTIST,135000.0,"SAN JOSE, CA",2016
WAL-MART ASSOCIATES INC,DATA SCIENTIST,135000.0,"SUNNYVALE, CA",2016
MICROSOFT CORPORATION,DATA SCIENTIST,135180.0,"REDMOND, WA",2016
SPLUNK INC,DATA SCIENTIST,135387.0,"SAN JOSE, CA",2016
FACEBOOK INC,DATA SCIENTIST,135402.0,"MENLO PARK, CA",2016
MICROSOFT CORPORATION,DATA SCIENTIST,135500.0,"REDMOND, WA",2016
MICROSOFT CORPORATION,DATA SCIENTIST,137000.0,"BELLEVUE, WA",2016
TAPAD INC,DATA SCIENTIST,137885.0,"NEW YORK, NY",2016
FACEBOOK INC,DATA SCIENTIST,138000.0,"MENLO PARK, CA",2016
MICROSOFT CORPORATION,DATA SCIENTIST,138100.0,"CAMBRIDGE, MA",2016
SALESFORCECOM INC,DATA SCIENTIST,138507.0,"SAN FRANCISCO, CA",2016
SALESFORCECOM INC,DATA SCIENTIST,138507.0,"SAN FRANCISCO, VA",2016
MICROSOFT CORPORATION,DATA SCIENTIST,139321.0,"BELLEVUE, WA",2016
EBAY INC,DATA SCIENTIST,139672.0,"SAN JOSE, CA",2016
STITCH FIX INC,DATA SCIENTIST,139818.0,"SAN FRANCISCO, CA",2016
MICROSOFT CORPORATION,DATA SCIENTIST,140000.0,"REDMOND, WA",2016
PAYPAL INC,DATA SCIENTIST,140000.0,"SAN JOSE, CA",2016
FACEBOOK INC,DATA SCIENTIST,140000.0,"MENLO PARK, CA",2016
KABBAGE INC,DATA SCIENTIST,140000.0,"SAN FRANCISCO, CA",2016
PAGER INC,DATA SCIENTIST,140000.0,"NEW YORK, NY",2016
CAPE ANALYTICS INC,DATA SCIENTIST,140000.0,"MOUNTAIN VIEW, CA",2016
MICROSOFT CORPORATION,DATA SCIENTIST,140000.0,"REDMOND, WA",2016
ELECTRONIC ARTS INC,DATA SCIENTIST,140000.0,"REDWOOD CITY, CA",2016
FACEBOOK INC,DATA SCIENTIST,140000.0,"MENLO PARK, CA",2016
ADOBE SYSTEMS INCORPORATED,DATA SCIENTIST,140000.0,"SAN JOSE, CA",2016
FACEBOOK INC,DATA SCIENTIST,140000.0,"MENLO PARK, CA",2016
IMPETUS TECHNOLOGIES INC,DATA SCIENTIST,140000.0,"NEW YORK, NY",2016
MICROSOFT CORPORATION,DATA SCIENTIST,140000.0,"MOUNTAIN VIEW, CA",2016
CITADEL LLC,DATA SCIENTIST,140000.0,"CHICAGO, IL",2016
POSTMATES INC,DATA SCIENTIST,140000.0,"SAN FRANCISCO, CA",2016
SIMILITY INC,DATA SCIENTIST,140000.0,"PALO ALTO, CA",2016
LYFT INC,DATA SCIENTIST,140000.0,"SAN FRANCISCO, CA",2016
METROMILE INC,DATA SCIENTIST,140000.0,"SAN FRANCICSCO, CA",2016
AIRBNB INC,DATA SCIENTIST,140000.0,"SAN FRANCISCO, CA",2016
WAL-MART ASSOCIATES INC,DATA SCIENTIST,140000.0,"SAN BRUNO, CA",2016
WALKER &amp; CO BRANDS INC,DATA SCIENTIST,140000.0,"PALO ALTO, CA",2016
FANATICS RETAIL GROUP FULFILLMENT INC,DATA SCIENTIST,140000.0,"SAN MATEO, CA",2016
AIRBNB INC,DATA SCIENTIST,140000.0,"SAN FRANCISCO, CA",2016
MICROSOFT CORPORATION,DATA SCIENTIST,140306.0,"REDMOND, WA",2016
MICROSOFT CORPORATION,DATA SCIENTIST,140306.0,"REDMOND, WA",2016
MICROSOFT CORPORATION,DATA SCIENTIST,140700.0,"BELLEVUE, WA",2016
QUANTIFIND INC,DATA SCIENTIST,141750.0,"MENLO PARK, CA",2016
TRANSCEND SOLUTIONS LLC,DATA SCIENTIST,141960.0,"SAN FRANCISCO, CA",2016
TRANSCEND SOLUTIONS LLC,DATA SCIENTIST,141960.0,"SAN FRANCISCO, CA",2016
CONTEXT RELEVANT INC,DATA SCIENTIST,142000.0,"SEATTLE, WA",2016
CONTEXT RELEVANT INC,DATA SCIENTIST,142000.0,"SEATTLE, WA",2016
MICROSOFT CORPORATION,DATA SCIENTIST,142200.0,"REDMOND, WA",2016
SKYHIGH NETWORKS INC,DATA SCIENTIST,142376.0,"CAMPBELL, CA",2016
MICROSOFT CORPORATION,DATA SCIENTIST,142600.0,"SUNNYVALE, CA",2016
WAL-MART ASSOCIATES INC,DATA SCIENTIST,143220.0,"SUNNYVALE, CA",2016
MPG OPERATIONS LLC,DATA SCIENTIST,143790.0,"NEW YORK, NY",2016
POKIDOK INC,DATA SCIENTIST,144000.0,"CHARLESTON, SC",2016
POKIDOK INC,DATA SCIENTIST,144000.0,"CHARLESTON, SC",2016
AIRBNB INC,DATA SCIENTIST,145000.0,"SAN FRANCISCO, CA",2016
ANCESTRYCOM OPERATIONS INC,DATA SCIENTIST,145000.0,"SAN FRANCISCO, CA",2016
MICROSOFT CORPORATION,DATA SCIENTIST,145000.0,"REDMOND, WA",2016
ELECTRONIC ARTS INC,DATA SCIENTIST,145000.0,"REDWOOD CITY, CA",2016
REAL CAPITAL ANALYTICS,DATA SCIENTIST,145000.0,"NEW YORK, NY",2016
FACEBOOK INC,DATA SCIENTIST,145000.0,"MENLO PARK, CA",2016
MICROSOFT CORPORATION,DATA SCIENTIST,145000.0,"REDMOND, WA",2016
GO DADDYCOM LLC,DATA SCIENTIST,145000.0,"SUNNYVALE, CA",2016
FACEBOOK INC,DATA SCIENTIST,145534.0,"MENLO PARK, CA",2016
LYFT INC,DATA SCIENTIST,147000.0,"SAN FRANCISCO, CA",2016
ADOBE SYSTEMS INCORPORATED,DATA SCIENTIST,147046.0,"SAN JOSE, CA",2016
FACEBOOK INC,DATA SCIENTIST,149000.0,"MENLO PARK, CA",2016
BLOOMBERG LP,DATA SCIENTIST,149000.0,"NEW YORK, NY",2016
WAL-MART ASSOCIATES INC,DATA SCIENTIST,150000.0,"SAN BRUNO, CA",2016
FOX CABLE NETWORK SERVICES LLC,DATA SCIENTIST,150000.0,"LOS ANGELES, CA",2016
RELIANCE JIO INFOCOMM USA INC,DATA SCIENTIST,150000.0,"NEW YORK, NY",2016
RELIANCE JIO INFOCOMM USA INC,DATA SCIENTIST,150000.0,"NEW YORK, NY",2016
IMPACT ANALYTICS INC,DATA SCIENTIST,150000.0,"WEST NEW YORK, MD",2016
MICROSOFT CORPORATION,DATA SCIENTIST,150000.0,"REDMOND, WA",2016
FACEBOOK INC,DATA SCIENTIST,150000.0,"MENLO PARK, CA",2016
GODADDYCOM LLC,DATA SCIENTIST,150000.0,"SUNNYVALE, CA",2016
FACEBOOK INC,DATA SCIENTIST,150000.0,"MENLO PARK, CA",2016
BANJO INC,DATA SCIENTIST,150000.0,"REDWOOD CITY, CA",2016
SHAPE SECURITY INC,DATA SCIENTIST,150000.0,"MOUNTAINVIEW, CA",2016
SHAPE SECURITY INC,DATA SCIENTIST,150000.0,"MOUNTAIN VIEW, CA",2016
SENIORLINK INC,DATA SCIENTIST,150000.0,"BOSTON, MA",2016
SENIORLINK INC,DATA SCIENTIST,150000.0,"BOSTON, MA",2016
CERTILYTICS INC,DATA SCIENTIST,150000.0,"PHOENIX, AZ",2016
GROUPON INC,DATA SCIENTIST,155000.0,"PITTSBURGH, PA",2016
APPLE INC,DATA SCIENTIST,155000.0,"CUPERTINO, CA",2016
FACEBOOK INC,DATA SCIENTIST,155000.0,"MENLO PARK, CA",2016
FACEBOOK INC,DATA SCIENTIST,155000.0,"MENLO PARK, CA",2016
LYFT INC,DATA SCIENTIST,155000.0,"SAN FRANCISCO, CA",2016
ROBINHOOD MARKETS INC,DATA SCIENTIST,156000.0,"PALO ALTO, CA",2016
FACEBOOK INC,DATA SCIENTIST,158270.0,"MENLO PARK, CA",2016
ARIMO INC,DATA SCIENTIST,159484.0,"MOUNTAIN VIEW, CA",2016
ARIMO INC,DATA SCIENTIST,159484.0,"MOUNTAIN VIEW, CA",2016
HULU LLC,DATA SCIENTIST,160000.0,"SANTA MONICA, CA",2016
FACEBOOK INC,DATA SCIENTIST,160000.0,"MENLO PARK, CA",2016
LYFT INC,DATA SCIENTIST,165000.0,"SAN FRANCISCO, CA",2016
LYFT INC,DATA SCIENTIST,165000.0,"SAN FRANCISCO, CA",2016
AFFIRM INC,DATA SCIENTIST,165000.0,"SAN FRANCISCO, CA",2016
LYFT INC,DATA SCIENTIST,165000.0,"SEATTLE, WA",2016
FACEBOOK INC,DATA SCIENTIST,165000.0,"MENLO PARK, CA",2016
XACTLY CORPORATION,DATA SCIENTIST,165360.0,"SAN JOSE, CA",2016
NOKIA USA INC,DATA SCIENTIST,170000.0,"SUNNYVALE, CA",2016
FACEBOOK INC,DATA SCIENTIST,170000.0,"SEATTLE, WA",2016
LIVEINTENT INC,DATA SCIENTIST,175000.0,"NEW YORK, NY",2016
CITADEL LLC,DATA SCIENTIST,175000.0,"CHICAGO, IL",2016
FACEBOOK INC,DATA SCIENTIST,184000.0,"MENLO PARK, CA",2016
MAPLEBEAR INC,DATA SCIENTIST,189000.0,"SAN FRANCISCO, CA",2016
TASTEMADE INC,DATA SCIENTIST,195000.0,"SANTA MONICA, CA",2016
TASTEMADE INC,DATA SCIENTIST,195000.0,"SANTA MONICA, CA",2016
JDCOM AMERICAN TECHNOLOGIES CORPORATION,DATA SCIENTIST,250000.0,"SANTA CLARA, CA",2016
VENNSYS LLC,DATA SCIENTIST  DEEP LEARNING SPECIALIST,70000.0,"CHICAGO, IL",2016
SMART IT STAFFING INC,DATA SCIENTIST  DEVELOPER,82160.0,"INDIANAPOLIS, IN",2016
STREETSCAN INC,DATA SCIENTIST &amp; GIS DEVELOPER,70000.0,"BURLINGTON, MA",2016
STREETSCAN INC,DATA SCIENTIST &amp; GIS DEVELOPER,70000.0,"BURLINGTON, MA",2016
JPMORGAN CHASE &amp; CO,DATA SCIENTIST - ASSOCIATE,120000.0,"NEW YORK, NY",2016
ON DECK CAPITAL INC,DATA SCIENTIST - BUSINESS ANALYTICS,90000.0,"NEW YORK, NY",2016
MONSANTO COMPANY,DATA SCIENTIST - ECONOMETRICS,90000.0,"ST. LOUIS, MO",2016
GENERAL MOTORS COMPANY,DATA SCIENTIST - GLOBAL CONNECTED CUSTOMER EXPERIENCE,78000.0,"DETROIT, MI",2016
DROPBOX INC,DATA SCIENTIST - GROWTH MARKETING,140000.0,"SAN FRANCISCO, CA",2016
DROPBOX INC,DATA SCIENTIST - GROWTH MARKETING,140000.0,"SAN FRANCISCO, CA",2016
SOURCELINK ACQUISITION LLC,DATA SCIENTIST - MARKET ANALYST,68000.0,"GREENVILLE, SC",2016
MONSANTO COMPANY,DATA SCIENTIST - OPERATIONS RESEARCH,93000.0,"CHESTERFIELD, MO",2016
SLICE TECHNOLOGIES INC,DATA SCIENTIST - STATISTICS,91166.0,"SAN MATEO, CA",2016
RENT-A-CENTER INC,DATA SCIENTIST - STRATEGY &amp; ANALYTICS,105000.0,"PLANO, TX",2016
MARKETSHARE PARTNERS LLC,DATA SCIENTIST -- SIMULATION OPTIMIZATION,117000.0,"LOS ANGELES, CA",2016
SNAPCHAT INC,DATA SCIENTIST 1,53186.0,"VENICE, CA",2016
PAYPAL INC,DATA SCIENTIST 1,85020.0,"SAN JOSE, CA",2016
PAYPAL INC,DATA SCIENTIST 1,85020.0,"SAN JOSE, CA",2016
TWITTER INC,DATA SCIENTIST 1,95243.0,"SAN FRANCISCO, CA",2016
TWITTER INC,DATA SCIENTIST 1,95243.0,"SAN FRANCISCO, CA",2016
PAYPAL INC,DATA SCIENTIST 1,111878.0,"SAN JOSE, CA",2016
STUBHUB INC,DATA SCIENTIST 1,119454.0,"SAN FRANCISCO, CA",2016
PAYPAL INC,DATA SCIENTIST 1,128000.0,"SAN JOSE, CA",2016
EBAY INC,DATA SCIENTIST 1,130000.0,"SAN JOSE, CA",2016
EBAY INC,DATA SCIENTIST 1,130000.0,"SAN JOSE, CA",2016
PAYPAL INC,DATA SCIENTIST 1,132288.0,"SAN JOSE, CA",2016
PAYPAL INC,DATA SCIENTIST 1,135000.0,"SAN JOSE, CA",2016
PAYPAL INC,DATA SCIENTIST 1,135000.0,"SAN JOSE, CA",2016
PAYPAL INC,DATA SCIENTIST 1,135000.0,"SAN JOSE, CA",2016
EBAY INC,DATA SCIENTIST 1,135000.0,"SAN JOSE, CA",2016
EBAY INC,DATA SCIENTIST 1,135200.0,"NEW YORK, NY",2016
EBAY INC,DATA SCIENTIST 1,152000.0,"SAN JOSE, CA",2016
EBAY INC,DATA SCIENTIST 2,115000.0,"AUSTIN, TX",2016
TWITTER INC,DATA SCIENTIST 2,117083.0,"SAN FRANCISCO, CA",2016
TWITTER INC,DATA SCIENTIST 2,117083.0,"SAN FRANCISCO, CA",2016
MICROSOFT CORPORATION,DATA SCIENTIST 2,122000.0,"REDMOND, WA",2016
MICROSOFT CORPORATION,DATA SCIENTIST 2,124000.0,"REDMOND, WA",2016
MICROSOFT CORPORATION,DATA SCIENTIST 2,125000.0,"REDMOND, WA",2016
MICROSOFT CORPORATION,DATA SCIENTIST 2,125000.0,"REDMOND, WA",2016
MICROSOFT CORPORATION,DATA SCIENTIST 2,128000.0,"REDMOND, WA",2016
MICROSOFT CORPORATION,DATA SCIENTIST 2,140000.0,"REDMOND, WA",2016
EBAY INC,DATA SCIENTIST 2,155909.0,"SAN JOSE, CA",2016
TWITTER INC,DATA SCIENTIST 2,160000.0,"SAN FRANCISCO, CA",2016
EBAY INC,DATA SCIENTIST 2,180000.0,"BRISBANE, CA",2016
SNAPCHAT INC,DATA SCIENTIST 3,69410.0,"VENICE, CA",2016
APPLE INC,DATA SCIENTIST 3,111717.0,"CUPERTINO, CA",2016
PAYPAL INC,DATA SCIENTIST 3,175000.0,"SAN JOSE, CA",2016
PAYPAL INC,DATA SCIENTIST 3,175000.0,"SAN JOSE, CA",2016
SNAP INC,DATA SCIENTIST 4,100214.0,"VENICE, CA",2016
SNAPCHAT INC,DATA SCIENTIST 4,123594.0,"SAN FRANCISCO, CA",2016
APPLE INC,DATA SCIENTIST 4,175000.0,"CUPERTINO, CA",2016
MSX AMERICAS INC,DATA SCIENTIST ANALYST,84320.0,"DEARBORN, MI",2016
ALPINE ANALYTICS INC,DATA SCIENTIST AND ARCHITECT,170000.0,"SAN FRANCISCO, CA",2016
ALPINE ANALYTICS INC,DATA SCIENTIST AND ARCHITECT,170000.0,"NEW YORK, NY",2016
ALTISOURCE SOLUTIONS INC,DATA SCIENTIST AND MODEL BUILDER,82800.0,"BOSTON, MA",2016
ALTISOURCE SOLUTIONS INC,DATA SCIENTIST AND MODEL BUILDER,105000.0,"LOS ANGELES, CA",2016
IMPLAN GROUP LLC,DATA SCIENTIST AND QUALITY CONTROL ENGINEER,59862.0,"HUNTERSVILLE, NC",2016
IBM CORPORATION,DATA SCIENTIST CONSULTANT,110000.0,"DUBLIN, OH",2016
IBM CORPORATION,DATA SCIENTIST CONSULTANT,110000.0,"DUBLIN, OH",2016
SQUARE INC,DATA SCIENTIST CUSTOMER INSIGHT,85862.0,"SAN FRANCISCO, CA",2016
ASPIRE HEALTH INC,DATA SCIENTIST DIRECTOR,135000.0,"NASHVILLE, TN",2016
ASPIRE HEALTH INC,DATA SCIENTIST DIRECTOR,135000.0,"NASHVILLE, TN",2016
THE OAKLEAF GROUP LLC,DATA SCIENTIST ENGINEER,130000.0,"WASHINGTON, DC",2016
AMERIHOME MORTGAGE COMPANY LLC,DATA SCIENTIST FINANCIAL ENGINEER,81682.0,"WOODLAND HILLS, CA",2016
EPIDEMICO INC,DATA SCIENTIST HEALTH INFORMATICS,50000.0,"BOSTON, MA",2016
SPRINT CORPORATION,DATA SCIENTIST I,60008.0,"OVERLAND PARK, KS",2016
ICIMS INC,DATA SCIENTIST I,64500.0,"MATAWAN, NJ",2016
THE RESEARCH INSTITUTE AT NATIONWIDE CHILDREN&#39;S HOSPITAL,DATA SCIENTIST I,64798.0,"COLUMBUS, OH",2016
JABIL CIRCUIT INC,DATA SCIENTIST I,65000.0,"ST. PETERSBURG, FL",2016
INSURANCE SERVICES OFFICE INC,DATA SCIENTIST I,85000.0,"SAN FRANCISCO, CA",2016
INSURANCE SERVICES OFFICE INC,DATA SCIENTIST I,85000.0,"JERSEY CITY, NJ",2016
NOVANTAS INC,DATA SCIENTIST I,85000.0,"NEW YORK, NY",2016
INSURANCE SERVICES OFFICE INC,DATA SCIENTIST I,85000.0,"WHITE PLAINS, NY",2016
INSURANCE SERVICES OFFICE INC,DATA SCIENTIST I,85000.0,"WALTHAM, MA",2016
INSURANCE SERVICES OFFICE INC,DATA SCIENTIST I,85000.0,"WHITE PLAINS, NY",2016
INSURANCE SERVICES OFFICE INC,DATA SCIENTIST I,85000.0,"LEXINGTON, MA",2016
EMC CORPORATION,DATA SCIENTIST I,89250.0,"NEW YORK, NY",2016
EBAY INC,DATA SCIENTIST I,111878.0,"SAN JOSE, PA",2016
EBAY INC,DATA SCIENTIST I,111878.0,"SAN JOSE, CA",2016
ZURICH AMERICAN INSURANCE COMPANY,DATA SCIENTIST I,115000.0,"SCHAUMBURG, IL",2016
AMERICAN FAMILY MUTUAL INSURANCE COMPANY,DATA SCIENTIST I,125000.0,"CHICAGO, IL",2016
VIDEO GAMING TECHNOLOGIES INC,DATA SCIENTIST II,41246.0,"FRANKLIN, TN",2016
METLIFE GROUP INC,DATA SCIENTIST II,57800.0,"CHARLOTTE, NC",2016
METLIFE GROUP INC,DATA SCIENTIST II,68400.0,"CHARLOTTE, NC",2016
BRIGHTHOUSE SERVICES LLC,DATA SCIENTIST II,68400.0,"CHARLOTTE, NC",2016
METLIFE GROUP INC,DATA SCIENTIST II,73200.0,"WARWICK, RI",2016
SEAGATE US LLC,DATA SCIENTIST II,75088.0,"BLOOMINGTON, MN",2016
METLIFE GROUP INC,DATA SCIENTIST II,77355.0,"BRIDGEWATER, NJ",2016
METLIFE GROUP INC,DATA SCIENTIST II,77355.0,"BRIDGEWATER, NJ",2016
METLIFE GROUP INC,DATA SCIENTIST II,77355.0,"BRIDGEWATER, NJ",2016
CAREERBUILDER LLC,DATA SCIENTIST II,80000.0,"NORCROSS, GA",2016
CAREERBUILDER LLC,DATA SCIENTIST II,80000.0,"NORCROSS, GA",2016
COMCAST CABLE COMMUNICATIONS LLC,DATA SCIENTIST II,81266.0,"NEW YORK, NY",2016
ELEVATE CREDIT SERVICE LLC,DATA SCIENTIST II,82000.0,"FORT WORTH, TX",2016
HONEYWELL INTERNATIONAL INC,DATA SCIENTIST II,85000.0,"PHOENIX, AZ",2016
SPRINT CORPORATION,DATA SCIENTIST II,85000.0,"KANSAS CITY, MO",2016
EMC CORPORATION,DATA SCIENTIST II,106250.0,"PALO ALTO, CA",2016
EMC CORPORATION,DATA SCIENTIST II,119000.0,"SAN FRANCISCO, CA",2016
TWITTER INC,DATA SCIENTIST II,120000.0,"SAN FRANCISCO, CA",2016
PHARMACEUTICAL RESEARCH ASSOCIATES INC,DATA SCIENTIST II,130000.0,"LENEXA, KS",2016
TWITTER INC,DATA SCIENTIST II,135000.0,"SAN FRANCISCO, CA",2016
TWITTER INC,DATA SCIENTIST II,135000.0,"SAN FRANCISCO, CA",2016
TWITTER INC,DATA SCIENTIST II,140000.0,"SAN FRANCISCO, CA",2016
BOMBORA INC,DATA SCIENTIST II,155000.0,"NEW YORK, NY",2016
CONCUR TECHNOLOGIES INC,DATA SCIENTIST III,110000.0,"BELLEVUE, WA",2016
CSAA INSURANCE SERVICES INC,DATA SCIENTIST III,115300.0,"WALNUT CREEK, CA",2016
SEARS HOLDINGS MANAGEMENT CORPORATION,DATA SCIENTIST IV,125000.0,"HOFFMAN ESTATES, IL",2016
UPTAKE TECHNOLOGIES INC,DATA SCIENTIST LEAD,105000.0,"CHICAGO, IL",2016
UPTAKE TECHNOLOGIES INC,DATA SCIENTIST LEAD,105000.0,"CHICAGO, IL",2016
NAVISTAR INC,"DATA SCIENTIST LEAD, SR.",106996.0,"LISLE, IL",2016
AIRBNB INC,DATA SCIENTIST MACHINE LEARNING,150000.0,"SAN FRANCISCO, CA",2016
AIRBNB INC,DATA SCIENTIST MACHINE LEARNING,155000.0,"SAN FRANCISCO, CA",2016
SALESFORCECOM INC,DATA SCIENTIST MANAGER,136573.0,"SAN FRANCISCO, CA",2016
MSX AMERICAS INC,DATA SCIENTIST MODELING,84320.0,"DEARBORN, MI",2016
MSX AMERICAS INC,DATA SCIENTIST MODELING,92200.0,"DEARBORN, MI",2016
MSX AMERICAS INC,DATA SCIENTIST MODELING,98280.0,"DEARBORN, MI",2016
ROCHE SEQUENCING SOLUTIONS INC,DATA SCIENTIST MOLECULE SEQUENCING,72114.0,"SANTA CLARA, CA",2016
WAJAO INC,DATA SCIENTIST OPERATIONS RESEARCH ANALYST,98000.0,"SANTA MONICA, CA",2016
ANTHEM SYSTEMS LLC,DATA SCIENTIST OPTIMIZATION ENGINEER,118000.0,"LENEXA, KS",2016
CAREFUSION RESOURCES LLC,"DATA SCIENTIST PRINCIPAL SCIENTIST, PRODUCT DEVELOPMENT",157000.0,"SAN DIEGO, CA",2016
DSTILLERY INC,DATA SCIENTIST QUANTITATIVE DEVELOPER,115000.0,"NEW YORK, NY",2016
SPOTIFY USA INC,DATA SCIENTIST RESEARCH,95000.0,"NEW YORK, NY",2016
CYLANCE INC,DATA SCIENTIST RESEARCH,115000.0,"IRVINE, CA",2016
CYLANCE INC,DATA SCIENTIST RESEARCH,115000.0,"IRVINE, CA",2016
DELL FINANCIAL SERVICES LLC,DATA SCIENTIST SENIOR ADVISOR,80502.0,"ROUND ROCK, TX",2016
DELL FINANCIAL SERVICES LLC,DATA SCIENTIST SENIOR ADVISOR,80502.0,"ROUND ROCK, TX",2016
TRAX HOLDINGS INC,DATA SCIENTIST SOFTWARE ENGINEER,60000.0,"SCOTTSDALE, AZ",2016
DELL USA LP,DATA SCIENTIST SR. ADVISOR,107000.0,"ROUND ROCK, TX",2016
MEDIDATA SOLUTIONS INC,DATA SCIENTIST STATISTICAL ANALYST,91400.0,"NEW YORK, NY",2016
NOVANTAS INC,DATA SCIENTIST STATISTICIAN,80000.0,"NEW YORK, NY",2016
ALG A TRUECAR COMPANY,DATA SCIENTIST STATISTICS,120000.0,"SANTA MONICA, CA",2016
CBRE INC,DATA SCIENTIST SYSTEM ARCHITECT,92700.0,"BELLEVUE, WA",2016
ALTAIR PRODUCTDESIGN INC,DATA SCIENTIST VISUALIZATION,74980.0,"DEARBORN, MI",2016
ABIOMED INC,"DATA SCIENTIST, ALGORITHM ENGINEER",110000.0,"DANVERS, MA",2016
SOUNDCLOUD INC,"DATA SCIENTIST, ANALYTICS",102000.0,"NEW YORK, NY",2016
SOUNDCLOUD INC,"DATA SCIENTIST, ANALYTICS",102000.0,"NEW YORK, NY",2016
SOUNDCLOUD INC,"DATA SCIENTIST, ANALYTICS",109000.0,"NEW YORK, NY",2016
FACEBOOK INC,"DATA SCIENTIST, ANALYTICS",125000.0,"MENLO PARK, CA",2016
FACEBOOK INC,"DATA SCIENTIST, ANALYTICS",125000.0,"MENLO PARK, CA",2016
FACEBOOK INC,"DATA SCIENTIST, ANALYTICS",130000.0,"NEW YORK, NY",2016
AVANT INC,"DATA SCIENTIST, ASSOCIATE",115000.0,"CHICAGO, IL",2016
WAL-MART ASSOCIATES INC,"DATA SCIENTIST, CUSTOMER ACQUISITION &amp; RETENTION",150000.0,"SAN BRUNO, CA",2016
ADVERTEX COMMUNICATIONS INC,"DATA SCIENTIST, CUSTOMER INSIGHTS",89190.0,"NEW YORK, NY",2016
PINTEREST INC,"DATA SCIENTIST, DISCOVERY",111500.0,"SAN FRANCISCO, CA",2016
TESLA MOTORS INC,"DATA SCIENTIST, GROWTH",140000.0,"FREMONT, CA",2016
TRUEMOTION,"DATA SCIENTIST, MACHINE LEARNING",145000.0,"BOSTON, MA",2016
TRUEMOTION,"DATA SCIENTIST, MACHINE LEARNING",155000.0,"BOSTON, MA",2016
UBISOFT INC,"DATA SCIENTIST, MARKETING ANALYTICS",110000.0,"SAN FRANCISCO, CA",2016
UHANA INC,"DATA SCIENTIST, MOBILE RF DOMAIN",125000.0,"PALO ALTO, CA",2016
SNAPCHAT INC,"DATA SCIENTIST, PRODUCT ANALYTICS",53186.0,"VENICE, CA",2016
APTTUS CORPORATION,"DATA SCIENTIST, PRODUCT ENGINEERING",135000.0,"SAN MATEO, CA",2016
AVALARA INC,"DATA SCIENTIST, PRODUCT SCIENCES",140000.0,"SEATTLE, WA",2016
ELEVATE CREDIT SERVICE LLC,"DATA SCIENTIST, RISK MODELER",95506.0,"FORT WORTH, TX",2016
SALESFORCECOM INC,"DATA SCIENTIST, SENIOR MANAGER",134389.0,"SAN FRANCISCO, CA",2016
WAL-MART ASSOCIATES INC,"DATA SCIENTIST, SMART PRICING",145000.0,"SAN BRUNO, CA",2016
WAL-MART ASSOCIATES INC,"DATA SCIENTIST, SMART PRICING SAN BRUNO",145000.0,"SAN BRUNO, CA",2016
AGRISIGHT INC,"DATA SCIENTIST, SOFTWARE DEVELOPMENT",80000.0,"ANN ARBOR, MI",2016
THE NPD GROUP INC,"DATA SCIENTIST, SPECIALIST",64480.0,"PORT WASHINGTON, NY",2016
MAXPOINT INTERACTIVE INC,"DATA SCIENTIST, STRATEGIC FINANCE",75000.0,"MORRISVILLE, NC",2016
ADROLL INC,"DATA SCIENTIST, SUPPLY",120000.0,"SAN FRANCISCO, CA",2016
QUID INC,DATA SCIENTIST- MATHEMATICAL MODELING,165000.0,"SAN FRANCISCO, CA",2016
MICROSOFT CORPORATION,DATA SCIENTIST2,122000.0,"REDMOND, WA",2016
